x (µm),y (µm),laser power (W),time (seconds)
2432,738,285,0
2432,747,285,0.00001
2431,757,285,0.00002
2431,767,285,0.00003
2431,772,285,0.00004
2431,781,285,0.00005
2431,791,285,0.00006
2431,801,285,0.00007
2431,811,285,0.00008
2431,820,285,0.00009
2431,830,285,0.0001
2431,840,285,0.00011
2431,849,285,0.00012
2431,859,285,0.00013
2436,869,285,0.00014
2436,879,285,0.00015
2436,888,285,0.00016
2436,903,285,0.00017
2435,913,285,0.00018
2435,922,285,0.00019
2435,932,285,0.0002
2435,942,285,0.00021
2435,952,285,0.00022
2435,961,285,0.00023
2435,971,285,0.00024
2435,981,285,0.00025
2435,991,285,0.00026
2435,1000,285,0.00027
2435,1010,285,0.00028
2435,1020,285,0.00029
2435,1030,285,0.0003
2435,1039,285,0.00031
2435,1049,285,0.00032
2435,1059,285,0.00033
2434,1069,285,0.00034
2434,1078,285,0.00035
2434,1088,285,0.00036
2434,1098,285,0.00037
2434,1103,285,0.00038
2434,1112,285,0.00039
2434,1122,285,0.0004
2434,1132,285,0.00041
2434,1142,285,0.00042
2434,1151,285,0.00043
2434,1161,285,0.00044
2434,1171,285,0.00045
2434,1180,285,0.00046
2434,1190,285,0.00047
2434,1200,285,0.00048
2434,1210,285,0.00049
2434,1219,285,0.0005
2433,1229,285,0.00051
2433,1239,285,0.00052
2433,1249,285,0.00053
2433,1258,285,0.00054
2433,1268,285,0.00055
2433,1278,285,0.00056
2433,1287,285,0.00057
2433,1297,285,0.00058
2433,1307,285,0.00059
2433,1317,285,0.0006
2433,1326,285,0.00061
2433,1336,285,0.00062
2433,1346,285,0.00063
2433,1356,285,0.00064
2433,1365,285,0.00065
2433,1375,285,0.00066
2433,1385,285,0.00067
2432,1395,285,0.00068
2432,1404,285,0.00069
2432,1414,285,0.0007
2432,1424,285,0.00071
2432,1429,285,0.00072
2432,1438,285,0.00073
2432,1448,285,0.00074
2432,1458,285,0.00075
2432,1468,285,0.00076
2432,1477,285,0.00077
2432,1487,285,0.00078
2432,1497,285,0.00079
2432,1506,285,0.0008
2432,1516,285,0.00081
2432,1526,285,0.00082
2432,1536,285,0.00083
2432,1545,285,0.00084
2431,1555,285,0.00085
2431,1565,285,0.00086
2431,1575,285,0.00087
2431,1584,285,0.00088
2431,1594,285,0.00089
2431,1604,285,0.0009
2431,1613,285,0.00091
2436,1623,285,0.00092
2436,1633,285,0.00093
2436,1643,285,0.00094
2436,1652,285,0.00095
2436,1662,285,0.00096
2436,1672,285,0.00097
2436,1687,285,0.00098
2436,1696,285,0.00099
2435,1706,285,0.001
2435,1716,285,0.00101
2435,1725,285,0.00102
2435,1735,285,0.00103
2435,1745,285,0.00104
2435,1755,285,0.00105
2435,1760,285,0.00106
2435,1769,285,0.00107
2435,1779,285,0.00108
2435,1789,0,0.00109
2435,1798,0,0.0011
2435,1808,0,0.00111
2435,1818,0,0.00112
2435,1828,0,0.00113
2435,1837,0,0.00114
2435,1847,0,0.00115
2434,1857,0,0.00116
2434,1867,0,0.00117
2434,1876,0,0.00118
2434,1886,0,0.00119
2434,1896,0,0.0012
2434,1905,0,0.00121
2434,1915,0,0.00122
2434,1925,0,0.00123
2434,1925,0,0.00124
2434,1925,0,0.00125
2434,1925,0,0.00126
2434,1925,0,0.00127
2434,1925,0,0.00128
2380,1919,0,0.00129
2325,1914,0,0.0013
2325,1914,0,0.00131
2325,1914,0,0.00132
2325,1914,0,0.00133
2325,1914,0,0.00134
2325,1914,0,0.00135
2325,1914,0,0.00136
2325,1914,0,0.00137
2325,1914,0,0.00138
2325,1914,0,0.00139
2325,1914,0,0.0014
2325,1914,0,0.00141
2325,1914,0,0.00142
2325,1914,0,0.00143
2325,1914,0,0.00144
2325,1914,0,0.00145
2325,1904,0,0.00146
2325,1895,0,0.00147
2325,1885,0,0.00148
2325,1875,0,0.00149
2325,1865,0,0.0015
2325,1856,0,0.00151
2325,1846,0,0.00152
2326,1836,0,0.00153
2326,1826,0,0.00154
2326,1817,0,0.00155
2326,1807,0,0.00156
2326,1797,0,0.00157
2326,1787,0,0.00158
2326,1778,285,0.00159
2326,1768,285,0.0016
2326,1758,285,0.00161
2326,1749,285,0.00162
2326,1739,285,0.00163
2326,1729,285,0.00164
2326,1719,285,0.00165
2326,1710,285,0.00166
2326,1700,285,0.00167
2326,1695,285,0.00168
2327,1685,285,0.00169
2327,1676,285,0.0017
2327,1666,285,0.00171
2327,1656,285,0.00172
2327,1646,285,0.00173
2327,1637,285,0.00174
2327,1627,285,0.00175
2327,1617,285,0.00176
2327,1607,285,0.00177
2327,1598,285,0.00178
2327,1588,285,0.00179
2327,1578,285,0.0018
2327,1569,285,0.00181
2327,1559,285,0.00182
2327,1549,285,0.00183
2327,1539,285,0.00184
2327,1530,285,0.00185
2328,1520,285,0.00186
2328,1510,285,0.00187
2328,1500,285,0.00188
2328,1486,285,0.00189
2328,1476,285,0.0019
2328,1466,285,0.00191
2328,1457,285,0.00192
2328,1447,285,0.00193
2328,1437,285,0.00194
2328,1427,285,0.00195
2328,1418,285,0.00196
2328,1408,285,0.00197
2328,1398,285,0.00198
2328,1389,285,0.00199
2328,1379,285,0.002
2328,1369,285,0.00201
2329,1359,285,0.00202
2329,1350,285,0.00203
2329,1340,285,0.00204
2324,1330,285,0.00205
2324,1320,285,0.00206
2324,1311,285,0.00207
2324,1301,285,0.00208
2324,1291,285,0.00209
2324,1281,285,0.0021
2324,1272,285,0.00211
2324,1262,285,0.00212
2324,1252,285,0.00213
2324,1247,285,0.00214
2324,1238,285,0.00215
2324,1228,285,0.00216
2324,1218,285,0.00217
2325,1208,285,0.00218
2325,1199,285,0.00219
2325,1189,285,0.0022
2325,1179,285,0.00221
2325,1170,285,0.00222
2325,1160,285,0.00223
2325,1150,285,0.00224
2325,1140,285,0.00225
2325,1131,285,0.00226
2325,1121,285,0.00227
2325,1111,285,0.00228
2325,1101,285,0.00229
2325,1092,285,0.0023
2325,1082,285,0.00231
2325,1072,285,0.00232
2325,1062,285,0.00233
2326,1053,285,0.00234
2326,1043,285,0.00235
2326,1033,285,0.00236
2326,1024,285,0.00237
2326,1014,285,0.00238
2326,1004,285,0.00239
2326,994,285,0.0024
2326,985,285,0.00241
2326,975,285,0.00242
2326,965,285,0.00243
2326,955,285,0.00244
2326,946,285,0.00245
2326,936,285,0.00246
2326,926,285,0.00247
2326,916,285,0.00248
2326,907,285,0.00249
2326,897,285,0.0025
2327,887,285,0.00251
2327,878,285,0.00252
2327,868,285,0.00253
2327,858,285,0.00254
2327,848,285,0.00255
2327,839,285,0.00256
2327,829,285,0.00257
2327,819,285,0.00258
2327,809,285,0.00259
2327,805,285,0.0026
2327,795,285,0.00261
2327,785,285,0.00262
2327,775,285,0.00263
2327,766,285,0.00264
2327,756,285,0.00265
2327,746,285,0.00266
2327,736,285,0.00267
2328,722,285,0.00268
2328,712,0,0.00269
2328,702,0,0.0027
2328,693,0,0.00271
2328,683,0,0.00272
2328,673,0,0.00273
2328,663,0,0.00274
2328,654,0,0.00275
2328,644,0,0.00276
2328,634,0,0.00277
2328,625,0,0.00278
2328,615,0,0.00279
2328,605,0,0.0028
2328,595,0,0.00281
2328,586,0,0.00282
2324,576,0,0.00283
2324,576,0,0.00284
2324,576,0,0.00285
2324,576,0,0.00286
2324,576,0,0.00287
2324,576,0,0.00288
2274,585,0,0.00289
2214,594,0,0.0029
2214,594,0,0.00291
2214,594,0,0.00292
2214,594,0,0.00293
2214,594,0,0.00294
2214,594,0,0.00295
2214,594,0,0.00296
2214,594,0,0.00297
2214,594,0,0.00298
2214,594,0,0.00299
2214,594,0,0.003
2214,594,0,0.00301
2214,594,0,0.00302
2214,594,0,0.00303
2214,594,0,0.00304
2214,594,0,0.00305
2214,604,0,0.00306
2214,614,0,0.00307
2214,623,0,0.00308
2214,633,0,0.00309
2214,643,0,0.0031
2214,652,0,0.00311
2214,662,0,0.00312
2214,672,0,0.00313
2214,682,0,0.00314
2214,691,0,0.00315
2214,701,0,0.00316
2214,711,0,0.00317
2214,721,0,0.00318
2214,730,285,0.00319
2213,740,285,0.0032
2213,750,285,0.00321
2213,760,285,0.00322
2213,764,285,0.00323
2213,774,285,0.00324
2213,784,285,0.00325
2213,794,285,0.00326
2213,803,285,0.00327
2213,813,285,0.00328
2213,823,285,0.00329
2213,832,285,0.0033
2213,842,285,0.00331
2213,852,285,0.00332
2213,862,285,0.00333
2213,871,285,0.00334
2213,881,285,0.00335
2213,891,285,0.00336
2212,901,285,0.00337
2212,910,285,0.00338
2212,920,285,0.00339
2212,930,285,0.0034
2212,940,285,0.00341
2212,949,285,0.00342
2212,959,285,0.00343
2212,969,285,0.00344
2212,978,285,0.00345
2212,988,285,0.00346
2212,998,285,0.00347
2212,1008,285,0.00348
2212,1017,285,0.00349
2212,1027,285,0.0035
2212,1037,285,0.00351
2216,1047,285,0.00352
2216,1056,285,0.00353
2216,1066,285,0.00354
2216,1076,285,0.00355
2216,1086,285,0.00356
2216,1095,285,0.00357
2216,1100,285,0.00358
2216,1110,285,0.00359
2216,1120,285,0.0036
2216,1129,285,0.00361
2216,1139,285,0.00362
2216,1149,285,0.00363
2216,1159,285,0.00364
2216,1168,285,0.00365
2216,1178,285,0.00366
2216,1188,285,0.00367
2216,1197,285,0.00368
2215,1207,285,0.00369
2215,1217,285,0.0037
2215,1227,285,0.00371
2215,1236,285,0.00372
2215,1246,285,0.00373
2215,1256,285,0.00374
2215,1266,285,0.00375
2215,1275,285,0.00376
2215,1285,285,0.00377
2215,1295,285,0.00378
2215,1305,285,0.00379
2215,1314,285,0.0038
2215,1324,285,0.00381
2215,1339,285,0.00382
2215,1348,285,0.00383
2215,1358,285,0.00384
2214,1368,285,0.00385
2214,1378,285,0.00386
2214,1387,285,0.00387
2214,1397,285,0.00388
2214,1407,285,0.00389
2214,1416,285,0.0039
2214,1426,285,0.00391
2214,1431,285,0.00392
2214,1441,285,0.00393
2214,1450,285,0.00394
2214,1460,285,0.00395
2214,1470,285,0.00396
2214,1480,285,0.00397
2214,1489,285,0.00398
2214,1499,285,0.00399
2214,1509,285,0.004
2214,1519,285,0.00401
2213,1528,285,0.00402
2213,1538,285,0.00403
2213,1548,285,0.00404
2213,1558,285,0.00405
2213,1567,285,0.00406
2213,1577,285,0.00407
2213,1587,285,0.00408
2213,1596,285,0.00409
2213,1606,285,0.0041
2213,1616,285,0.00411
2213,1626,285,0.00412
2213,1635,285,0.00413
2213,1645,285,0.00414
2213,1655,285,0.00415
2213,1665,285,0.00416
2213,1674,285,0.00417
2212,1684,285,0.00418
2212,1694,285,0.00419
2212,1704,285,0.0042
2212,1713,285,0.00421
2212,1723,285,0.00422
2212,1733,285,0.00423
2212,1742,285,0.00424
2212,1752,285,0.00425
2212,1762,285,0.00426
2212,1767,285,0.00427
2212,1776,285,0.00428
2212,1786,285,0.00429
2212,1796,0,0.0043
2217,1806,0,0.00431
2217,1815,0,0.00432
2217,1825,0,0.00433
2216,1835,0,0.00434
2216,1845,0,0.00435
2216,1854,0,0.00436
2216,1864,0,0.00437
2216,1874,0,0.00438
2216,1884,0,0.00439
2216,1893,0,0.0044
2216,1903,0,0.00441
2216,1913,0,0.00442
2216,1923,0,0.00443
2216,1932,0,0.00444
2216,1932,0,0.00445
2216,1932,0,0.00446
2216,1932,0,0.00447
2216,1932,0,0.00448
2216,1932,0,0.00449
2161,1927,0,0.0045
2102,1921,0,0.00451
2102,1921,0,0.00452
2102,1921,0,0.00453
2102,1921,0,0.00454
2102,1921,0,0.00455
2102,1921,0,0.00456
2102,1921,0,0.00457
2102,1921,0,0.00458
2102,1921,0,0.00459
2102,1921,0,0.0046
2102,1921,0,0.00461
2102,1921,0,0.00462
2102,1921,0,0.00463
2102,1921,0,0.00464
2102,1921,0,0.00465
2102,1921,0,0.00466
2102,1911,0,0.00467
2102,1902,0,0.00468
2102,1887,0,0.00469
2102,1877,0,0.0047
2102,1868,0,0.00471
2102,1858,0,0.00472
2102,1848,0,0.00473
2102,1838,0,0.00474
2102,1829,0,0.00475
2103,1819,0,0.00476
2103,1809,0,0.00477
2103,1800,0,0.00478
2103,1790,0,0.00479
2103,1780,285,0.0048
2103,1770,285,0.00481
2103,1761,285,0.00482
2103,1751,285,0.00483
2103,1746,285,0.00484
2103,1736,285,0.00485
2103,1727,285,0.00486
2103,1717,285,0.00487
2103,1707,285,0.00488
2103,1697,285,0.00489
2103,1688,285,0.0049
2103,1678,285,0.00491
2104,1668,285,0.00492
2104,1658,285,0.00493
2104,1649,285,0.00494
2104,1639,285,0.00495
2104,1629,285,0.00496
2104,1620,285,0.00497
2104,1610,285,0.00498
2104,1600,285,0.00499
2104,1590,285,0.005
2104,1581,285,0.00501
2104,1571,285,0.00502
2104,1561,285,0.00503
2104,1551,285,0.00504
2104,1542,285,0.00505
2104,1532,285,0.00506
2104,1522,285,0.00507
2100,1512,285,0.00508
2100,1503,285,0.00509
2100,1493,285,0.0051
2100,1483,285,0.00511
2100,1474,285,0.00512
2100,1464,285,0.00513
2100,1454,285,0.00514
2100,1444,285,0.00515
2100,1435,285,0.00516
2100,1425,285,0.00517
2100,1415,285,0.00518
2100,1410,285,0.00519
2100,1401,285,0.0052
2100,1391,285,0.00521
2100,1381,285,0.00522
2100,1371,285,0.00523
2100,1362,285,0.00524
2101,1352,285,0.00525
2101,1342,285,0.00526
2101,1332,285,0.00527
2101,1323,285,0.00528
2101,1313,285,0.00529
2101,1303,285,0.0053
2101,1294,285,0.00531
2101,1284,285,0.00532
2101,1274,285,0.00533
2101,1264,285,0.00534
2101,1255,285,0.00535
2101,1245,285,0.00536
2101,1235,285,0.00537
2101,1225,285,0.00538
2101,1216,285,0.00539
2101,1206,285,0.0054
2102,1196,285,0.00541
2102,1186,285,0.00542
2102,1177,285,0.00543
2102,1167,285,0.00544
2102,1157,285,0.00545
2102,1143,285,0.00546
2102,1133,285,0.00547
2102,1123,285,0.00548
2102,1114,285,0.00549
2102,1104,285,0.0055
2102,1094,285,0.00551
2102,1084,285,0.00552
2102,1075,285,0.00553
2102,1070,285,0.00554
2102,1060,285,0.00555
2102,1050,285,0.00556
2103,1041,285,0.00557
2103,1031,285,0.00558
2103,1021,285,0.00559
2103,1011,285,0.0056
2103,1002,285,0.00561
2103,992,285,0.00562
2103,982,285,0.00563
2103,972,285,0.00564
2103,963,285,0.00565
2103,953,285,0.00566
2103,943,285,0.00567
2103,933,285,0.00568
2103,924,285,0.00569
2103,914,285,0.0057
2103,904,285,0.00571
2103,895,285,0.00572
2103,885,285,0.00573
2104,875,285,0.00574
2104,865,285,0.00575
2104,856,285,0.00576
2104,846,285,0.00577
2104,836,285,0.00578
2104,826,285,0.00579
2104,817,285,0.0058
2104,807,285,0.00581
2104,797,285,0.00582
2104,787,285,0.00583
2104,778,285,0.00584
2104,768,285,0.00585
2104,758,285,0.00586
2099,749,285,0.00587
2099,739,285,0.00588
2099,734,285,0.00589
2100,724,285,0.0059
2100,714,285,0.00591
2100,705,0,0.00592
2100,695,0,0.00593
2100,685,0,0.00594
2100,676,0,0.00595
2100,666,0,0.00596
2100,656,0,0.00597
2100,646,0,0.00598
2100,637,0,0.00599
2100,627,0,0.006
2100,617,0,0.00601
2100,607,0,0.00602
2100,598,0,0.00603
2100,588,0,0.00604
2100,578,0,0.00605
2100,569,0,0.00606
2100,569,0,0.00607
2100,569,0,0.00608
2100,569,0,0.00609
2100,569,0,0.0061
2100,569,0,0.00611
2046,578,0,0.00612
1996,582,0,0.00613
1996,582,0,0.00614
1996,582,0,0.00615
1996,582,0,0.00616
1996,582,0,0.00617
1996,582,0,0.00618
1996,582,0,0.00619
1996,582,0,0.0062
1996,582,0,0.00621
1996,582,0,0.00622
1996,582,0,0.00623
1996,582,0,0.00624
1996,582,0,0.00625
1996,582,0,0.00626
1996,582,0,0.00627
1996,582,0,0.00628
1996,592,0,0.00629
1996,601,0,0.0063
1996,611,0,0.00631
1996,621,0,0.00632
1996,631,0,0.00633
1996,640,0,0.00634
1996,650,0,0.00635
1996,660,0,0.00636
1996,670,0,0.00637
1996,679,0,0.00638
1996,689,0,0.00639
1996,699,0,0.0064
1996,708,0,0.00641
1995,718,285,0.00642
1995,728,285,0.00643
1995,738,285,0.00644
1995,747,285,0.00645
1995,752,285,0.00646
1995,762,285,0.00647
1995,772,285,0.00648
1995,781,285,0.00649
1995,791,285,0.0065
1995,801,285,0.00651
1995,811,285,0.00652
1995,820,285,0.00653
1995,830,285,0.00654
1995,840,285,0.00655
1995,850,285,0.00656
1995,859,285,0.00657
1995,869,285,0.00658
1994,879,285,0.00659
1994,888,285,0.0066
1994,898,285,0.00661
1994,908,285,0.00662
1994,918,285,0.00663
1994,927,285,0.00664
1994,937,285,0.00665
1994,947,285,0.00666
1994,957,285,0.00667
1994,966,285,0.00668
1994,976,285,0.00669
1994,991,285,0.0067
1994,1000,285,0.00671
1994,1010,285,0.00672
1994,1020,285,0.00673
1994,1030,285,0.00674
1993,1039,285,0.00675
1993,1049,285,0.00676
1993,1059,285,0.00677
1993,1069,285,0.00678
1993,1078,285,0.00679
1993,1088,285,0.0068
1993,1093,285,0.00681
1993,1103,285,0.00682
1993,1112,285,0.00683
1993,1122,285,0.00684
1993,1132,285,0.00685
1993,1141,285,0.00686
1993,1151,285,0.00687
1993,1161,285,0.00688
1993,1171,285,0.00689
1993,1180,285,0.0069
1993,1190,285,0.00691
1992,1200,285,0.00692
1992,1210,285,0.00693
1992,1219,285,0.00694
1992,1229,285,0.00695
1997,1239,285,0.00696
1997,1249,285,0.00697
1997,1258,285,0.00698
1997,1268,285,0.00699
1997,1278,285,0.007
1997,1288,285,0.00701
1997,1297,285,0.00702
1997,1307,285,0.00703
1997,1317,285,0.00704
1997,1326,285,0.00705
1997,1336,285,0.00706
1996,1346,285,0.00707
1996,1356,285,0.00708
1996,1365,285,0.00709
1996,1375,285,0.0071
1996,1385,285,0.00711
1996,1395,285,0.00712
1996,1404,285,0.00713
1996,1414,285,0.00714
1996,1424,285,0.00715
1996,1429,285,0.00716
1996,1438,285,0.00717
1996,1448,285,0.00718
1996,1458,285,0.00719
1996,1468,285,0.0072
1996,1477,285,0.00721
1996,1487,285,0.00722
1996,1497,285,0.00723
1995,1506,285,0.00724
1995,1516,285,0.00725
1995,1526,285,0.00726
1995,1536,285,0.00727
1995,1545,285,0.00728
1995,1555,285,0.00729
1995,1565,285,0.0073
1995,1575,285,0.00731
1995,1584,285,0.00732
1995,1594,285,0.00733
1995,1604,285,0.00734
1995,1613,285,0.00735
1995,1623,285,0.00736
1995,1633,285,0.00737
1995,1643,285,0.00738
1995,1652,285,0.00739
1994,1662,285,0.0074
1994,1672,285,0.00741
1994,1682,285,0.00742
1994,1691,285,0.00743
1994,1701,285,0.00744
1994,1711,285,0.00745
1994,1721,285,0.00746
1994,1735,285,0.00747
1994,1745,285,0.00748
1994,1755,285,0.00749
1994,1764,285,0.0075
1994,1774,285,0.00751
1994,1779,285,0.00752
1994,1789,285,0.00753
1994,1798,285,0.00754
1994,1808,0,0.00755
1993,1818,0,0.00756
1993,1828,0,0.00757
1993,1837,0,0.00758
1993,1847,0,0.00759
1993,1857,0,0.0076
1993,1866,0,0.00761
1993,1876,0,0.00762
1993,1886,0,0.00763
1993,1896,0,0.00764
1993,1905,0,0.00765
1993,1915,0,0.00766
1993,1925,0,0.00767
1993,1935,0,0.00768
1993,1944,0,0.00769
1993,1944,0,0.0077
1993,1944,0,0.00771
1993,1944,0,0.00772
1993,1944,0,0.00773
1993,1944,0,0.00774
1943,1939,0,0.00775
1884,1928,0,0.00776
1884,1928,0,0.00777
1884,1928,0,0.00778
1884,1928,0,0.00779
1884,1928,0,0.0078
1884,1928,0,0.00781
1884,1928,0,0.00782
1884,1928,0,0.00783
1884,1928,0,0.00784
1884,1928,0,0.00785
1884,1928,0,0.00786
1884,1928,0,0.00787
1884,1928,0,0.00788
1884,1928,0,0.00789
1884,1928,0,0.0079
1884,1928,0,0.00791
1884,1919,0,0.00792
1884,1909,0,0.00793
1884,1899,0,0.00794
1884,1890,0,0.00795
1884,1880,0,0.00796
1884,1870,0,0.00797
1884,1860,0,0.00798
1884,1851,0,0.00799
1884,1841,0,0.008
1884,1831,0,0.00801
1884,1821,0,0.00802
1884,1812,0,0.00803
1885,1802,0,0.00804
1885,1792,285,0.00805
1885,1783,285,0.00806
1885,1773,285,0.00807
1885,1763,285,0.00808
1885,1758,285,0.00809
1885,1748,285,0.0081
1885,1739,285,0.00811
1885,1729,285,0.00812
1885,1719,285,0.00813
1885,1710,285,0.00814
1880,1700,285,0.00815
1880,1690,285,0.00816
1880,1680,285,0.00817
1880,1671,285,0.00818
1880,1661,285,0.00819
1881,1651,285,0.0082
1881,1641,285,0.00821
1881,1632,285,0.00822
1881,1622,285,0.00823
1881,1612,285,0.00824
1881,1602,285,0.00825
1881,1593,285,0.00826
1881,1583,285,0.00827
1881,1573,285,0.00828
1881,1559,285,0.00829
1881,1549,285,0.0083
1881,1539,285,0.00831
1881,1529,285,0.00832
1881,1520,285,0.00833
1881,1510,285,0.00834
1881,1500,285,0.00835
1882,1491,285,0.00836
1882,1481,285,0.00837
1882,1471,285,0.00838
1882,1461,285,0.00839
1882,1452,285,0.0084
1882,1442,285,0.00841
1882,1432,285,0.00842
1882,1422,285,0.00843
1882,1413,285,0.00844
1882,1408,285,0.00845
1882,1398,285,0.00846
1882,1388,285,0.00847
1882,1379,285,0.00848
1882,1369,285,0.00849
1882,1359,285,0.0085
1882,1349,285,0.00851
1882,1340,285,0.00852
1883,1330,285,0.00853
1883,1320,285,0.00854
1883,1311,285,0.00855
1883,1301,285,0.00856
1883,1291,285,0.00857
1883,1281,285,0.00858
1883,1272,285,0.00859
1883,1262,285,0.0086
1883,1252,285,0.00861
1883,1242,285,0.00862
1883,1233,285,0.00863
1883,1223,285,0.00864
1883,1213,285,0.00865
1883,1204,285,0.00866
1883,1194,285,0.00867
1883,1184,285,0.00868
1884,1174,285,0.00869
1884,1165,285,0.0087
1884,1155,285,0.00871
1884,1145,285,0.00872
1884,1135,285,0.00873
1884,1126,285,0.00874
1884,1116,285,0.00875
1884,1106,285,0.00876
1884,1097,285,0.00877
1884,1087,285,0.00878
1884,1077,285,0.00879
1884,1072,285,0.0088
1884,1062,285,0.00881
1884,1053,285,0.00882
1884,1043,285,0.00883
1884,1033,285,0.00884
1884,1024,285,0.00885
1885,1014,285,0.00886
1885,1004,285,0.00887
1885,994,285,0.00888
1885,985,285,0.00889
1885,975,285,0.0089
1885,965,285,0.00891
1885,955,285,0.00892
1885,946,285,0.00893
1885,936,285,0.00894
1880,926,285,0.00895
1880,916,285,0.00896
1880,907,285,0.00897
1880,897,285,0.00898
1880,887,285,0.00899
1880,877,285,0.009
1881,868,285,0.00901
1881,858,285,0.00902
1881,848,285,0.00903
1881,839,285,0.00904
1881,824,285,0.00905
1881,814,285,0.00906
1881,805,285,0.00907
1881,795,285,0.00908
1881,785,285,0.00909
1881,775,285,0.0091
1881,766,285,0.00911
1881,756,285,0.00912
1881,746,285,0.00913
1881,736,285,0.00914
1881,727,285,0.00915
1881,722,285,0.00916
1881,712,285,0.00917
1882,702,285,0.00918
1882,693,0,0.00919
1882,683,0,0.0092
1882,673,0,0.00921
1882,663,0,0.00922
1882,654,0,0.00923
1882,644,0,0.00924
1882,634,0,0.00925
1882,625,0,0.00926
1882,615,0,0.00927
1882,605,0,0.00928
1882,595,0,0.00929
1882,586,0,0.0093
1882,576,0,0.00931
1882,566,0,0.00932
1882,556,0,0.00933
1882,556,0,0.00934
1882,556,0,0.00935
1882,556,0,0.00936
1882,556,0,0.00937
1882,556,0,0.00938
1828,566,0,0.00939
1773,570,0,0.0094
1773,570,0,0.00941
1773,570,0,0.00942
1773,570,0,0.00943
1773,570,0,0.00944
1773,570,0,0.00945
1773,570,0,0.00946
1773,570,0,0.00947
1773,570,0,0.00948
1773,570,0,0.00949
1773,570,0,0.0095
1773,570,0,0.00951
1773,570,0,0.00952
1773,570,0,0.00953
1773,570,0,0.00954
1773,570,0,0.00955
1773,580,0,0.00956
1773,589,0,0.00957
1773,599,0,0.00958
1773,609,0,0.00959
1773,618,0,0.0096
1773,628,0,0.00961
1773,638,0,0.00962
1778,648,0,0.00963
1778,657,0,0.00964
1778,667,0,0.00965
1778,677,0,0.00966
1778,691,0,0.00967
1777,701,0,0.00968
1777,711,285,0.00969
1777,721,285,0.0097
1777,730,285,0.00971
1777,740,285,0.00972
1777,745,285,0.00973
1777,755,285,0.00974
1777,764,285,0.00975
1777,774,285,0.00976
1777,784,285,0.00977
1777,794,285,0.00978
1777,803,285,0.00979
1777,813,285,0.0098
1777,823,285,0.00981
1777,833,285,0.00982
1777,842,285,0.00983
1776,852,285,0.00984
1776,862,285,0.00985
1776,871,285,0.00986
1776,881,285,0.00987
1776,891,285,0.00988
1776,901,285,0.00989
1776,910,285,0.0099
1776,920,285,0.00991
1776,930,285,0.00992
1776,940,285,0.00993
1776,949,285,0.00994
1776,959,285,0.00995
1776,969,285,0.00996
1776,978,285,0.00997
1776,988,285,0.00998
1776,998,285,0.00999
1776,1008,285,0.01
1775,1017,285,0.01001
1775,1027,285,0.01002
1775,1037,285,0.01003
1775,1047,285,0.01004
1775,1056,285,0.01005
1775,1066,285,0.01006
1775,1076,285,0.01007
1775,1086,285,0.01008
1775,1090,285,0.01009
1775,1100,285,0.0101
1775,1110,285,0.01011
1775,1120,285,0.01012
1775,1129,285,0.01013
1775,1139,285,0.01014
1775,1149,285,0.01015
1775,1159,285,0.01016
1775,1168,285,0.01017
1774,1178,285,0.01018
1774,1188,285,0.01019
1774,1197,285,0.0102
1774,1207,285,0.01021
1774,1217,285,0.01022
1774,1227,285,0.01023
1774,1236,285,0.01024
1774,1246,285,0.01025
1774,1256,285,0.01026
1774,1266,285,0.01027
1774,1275,285,0.01028
1774,1285,285,0.01029
1774,1295,285,0.0103
1774,1304,285,0.01031
1774,1314,285,0.01032
1774,1324,285,0.01033
1773,1334,285,0.01034
1773,1343,285,0.01035
1773,1353,285,0.01036
1773,1363,285,0.01037
1773,1373,285,0.01038
1773,1382,285,0.01039
1773,1392,285,0.0104
1773,1407,285,0.01041
1773,1416,285,0.01042
1778,1426,285,0.01043
1778,1436,285,0.01044
1778,1441,285,0.01045
1778,1450,285,0.01046
1778,1460,285,0.01047
1778,1470,285,0.01048
1778,1480,285,0.01049
1777,1489,285,0.0105
1777,1499,285,0.01051
1777,1509,285,0.01052
1777,1519,285,0.01053
1777,1528,285,0.01054
1777,1538,285,0.01055
1777,1548,285,0.01056
1777,1558,285,0.01057
1777,1567,285,0.01058
1777,1577,285,0.01059
1777,1587,285,0.0106
1777,1596,285,0.01061
1777,1606,285,0.01062
1777,1616,285,0.01063
1777,1626,285,0.01064
1776,1635,285,0.01065
1776,1645,285,0.01066
1776,1655,285,0.01067
1776,1665,285,0.01068
1776,1674,285,0.01069
1776,1684,285,0.0107
1776,1694,285,0.01071
1776,1703,285,0.01072
1776,1713,285,0.01073
1776,1723,285,0.01074
1776,1733,285,0.01075
1776,1742,285,0.01076
1776,1752,285,0.01077
1776,1762,285,0.01078
1776,1772,285,0.01079
1776,1781,285,0.0108
1776,1786,285,0.01081
1775,1796,285,0.01082
1775,1806,285,0.01083
1775,1815,0,0.01084
1775,1825,0,0.01085
1775,1835,0,0.01086
1775,1845,0,0.01087
1775,1854,0,0.01088
1775,1864,0,0.01089
1775,1874,0,0.0109
1775,1883,0,0.01091
1775,1893,0,0.01092
1775,1903,0,0.01093
1775,1913,0,0.01094
1775,1922,0,0.01095
1775,1932,0,0.01096
1775,1942,0,0.01097
1774,1952,0,0.01098
1774,1952,0,0.01099
1774,1952,0,0.011
1774,1952,0,0.01101
1774,1952,0,0.01102
1774,1952,0,0.01103
1720,1946,0,0.01104
1665,1936,0,0.01105
1665,1936,0,0.01106
1665,1936,0,0.01107
1665,1936,0,0.01108
1665,1936,0,0.01109
1665,1936,0,0.0111
1665,1936,0,0.01111
1665,1936,0,0.01112
1665,1936,0,0.01113
1665,1936,0,0.01114
1665,1936,0,0.01115
1665,1936,0,0.01116
1665,1936,0,0.01117
1665,1936,0,0.01118
1665,1936,0,0.01119
1665,1936,0,0.0112
1666,1926,0,0.01121
1666,1916,0,0.01122
1666,1907,0,0.01123
1666,1897,0,0.01124
1666,1887,0,0.01125
1661,1877,0,0.01126
1661,1868,0,0.01127
1661,1858,0,0.01128
1661,1848,0,0.01129
1661,1838,0,0.0113
1661,1829,0,0.01131
1661,1819,0,0.01132
1661,1809,0,0.01133
1661,1799,285,0.01134
1661,1790,285,0.01135
1662,1780,285,0.01136
1662,1770,285,0.01137
1662,1765,285,0.01138
1662,1756,285,0.01139
1662,1746,285,0.0114
1662,1736,285,0.01141
1662,1726,285,0.01142
1662,1717,285,0.01143
1662,1707,285,0.01144
1662,1697,285,0.01145
1662,1688,285,0.01146
1662,1678,285,0.01147
1662,1668,285,0.01148
1662,1658,285,0.01149
1662,1649,285,0.0115
1662,1639,285,0.01151
1662,1629,285,0.01152
1663,1619,285,0.01153
1663,1610,285,0.01154
1663,1600,285,0.01155
1663,1590,285,0.01156
1663,1581,285,0.01157
1663,1571,285,0.01158
1663,1561,285,0.01159
1663,1551,285,0.0116
1663,1542,285,0.01161
1663,1532,285,0.01162
1663,1522,285,0.01163
1663,1512,285,0.01164
1663,1503,285,0.01165
1663,1493,285,0.01166
1663,1483,285,0.01167
1663,1474,285,0.01168
1664,1464,285,0.01169
1664,1454,285,0.0117
1664,1444,285,0.01171
1664,1435,285,0.01172
1664,1425,285,0.01173
1664,1420,285,0.01174
1664,1410,285,0.01175
1664,1401,285,0.01176
1664,1391,285,0.01177
1664,1381,285,0.01178
1664,1371,285,0.01179
1664,1362,285,0.0118
1664,1352,285,0.01181
1664,1342,285,0.01182
1664,1332,285,0.01183
1664,1323,285,0.01184
1665,1313,285,0.01185
1665,1303,285,0.01186
1665,1294,285,0.01187
1665,1284,285,0.01188
1665,1274,285,0.01189
1665,1264,285,0.0119
1665,1255,285,0.01191
1665,1245,285,0.01192
1665,1230,285,0.01193
1665,1221,285,0.01194
1665,1211,285,0.01195
1665,1201,285,0.01196
1665,1191,285,0.01197
1665,1182,285,0.01198
1665,1172,285,0.01199
1665,1162,285,0.012
1666,1152,285,0.01201
1666,1143,285,0.01202
1666,1133,285,0.01203
1666,1123,285,0.01204
1661,1113,285,0.01205
1661,1104,285,0.01206
1661,1094,285,0.01207
1661,1084,285,0.01208
1661,1075,285,0.01209
1661,1070,285,0.0121
1661,1060,285,0.01211
1661,1050,285,0.01212
1661,1041,285,0.01213
1661,1031,285,0.01214
1661,1021,285,0.01215
1661,1011,285,0.01216
1662,1002,285,0.01217
1662,992,285,0.01218
1662,982,285,0.01219
1662,972,285,0.0122
1662,963,285,0.01221
1662,953,285,0.01222
1662,943,285,0.01223
1662,933,285,0.01224
1662,924,285,0.01225
1662,914,285,0.01226
1662,904,285,0.01227
1662,895,285,0.01228
1662,885,285,0.01229
1662,875,285,0.0123
1662,865,285,0.01231
1662,856,285,0.01232
1663,846,285,0.01233
1663,836,285,0.01234
1663,826,285,0.01235
1663,817,285,0.01236
1663,807,285,0.01237
1663,797,285,0.01238
1663,788,285,0.01239
1663,778,285,0.0124
1663,768,285,0.01241
1663,758,285,0.01242
1663,749,285,0.01243
1663,739,285,0.01244
1663,729,285,0.01245
1663,724,285,0.01246
1663,715,285,0.01247
1663,705,285,0.01248
1663,695,285,0.01249
1664,685,0,0.0125
1664,676,0,0.01251
1664,666,0,0.01252
1664,656,0,0.01253
1664,646,0,0.01254
1664,637,0,0.01255
1664,627,0,0.01256
1664,617,0,0.01257
1664,608,0,0.01258
1664,598,0,0.01259
1664,588,0,0.0126
1664,578,0,0.01261
1664,569,0,0.01262
1664,559,0,0.01263
1664,549,0,0.01264
1664,549,0,0.01265
1664,549,0,0.01266
1664,549,0,0.01267
1664,549,0,0.01268
1664,549,0,0.01269
1610,558,0,0.0127
1555,563,0,0.01271
1555,563,0,0.01272
1555,563,0,0.01273
1555,563,0,0.01274
1555,563,0,0.01275
1555,563,0,0.01276
1555,563,0,0.01277
1555,563,0,0.01278
1555,563,0,0.01279
1555,563,0,0.0128
1555,563,0,0.01281
1555,563,0,0.01282
1555,563,0,0.01283
1555,563,0,0.01284
1555,563,0,0.01285
1555,563,0,0.01286
1555,572,0,0.01287
1555,582,0,0.01288
1555,592,0,0.01289
1555,601,0,0.0129
1555,611,0,0.01291
1555,621,0,0.01292
1555,631,0,0.01293
1555,640,0,0.01294
1555,650,0,0.01295
1555,660,0,0.01296
1555,670,0,0.01297
1555,679,0,0.01298
1554,689,0,0.01299
1554,699,285,0.013
1554,708,285,0.01301
1554,718,285,0.01302
1554,728,285,0.01303
1554,738,285,0.01304
1554,743,285,0.01305
1554,752,285,0.01306
1554,762,285,0.01307
1554,772,285,0.01308
1554,781,285,0.01309
1554,791,285,0.0131
1554,801,285,0.01311
1554,811,285,0.01312
1559,820,285,0.01313
1554,830,285,0.01314
1558,840,285,0.01315
1558,850,285,0.01316
1558,859,285,0.01317
1558,869,285,0.01318
1558,879,285,0.01319
1558,889,285,0.0132
1558,898,285,0.01321
1558,908,285,0.01322
1558,918,285,0.01323
1558,927,285,0.01324
1558,937,285,0.01325
1558,947,285,0.01326
1558,957,285,0.01327
1558,966,285,0.01328
1558,976,285,0.01329
1558,986,285,0.0133
1557,996,285,0.01331
1557,1005,285,0.01332
1557,1015,285,0.01333
1557,1025,285,0.01334
1557,1034,285,0.01335
1557,1044,285,0.01336
1557,1054,285,0.01337
1557,1064,285,0.01338
1557,1078,285,0.01339
1557,1083,285,0.0134
1557,1093,285,0.01341
1557,1103,285,0.01342
1557,1112,285,0.01343
1557,1122,285,0.01344
1557,1132,285,0.01345
1557,1142,285,0.01346
1556,1151,285,0.01347
1556,1161,285,0.01348
1556,1171,285,0.01349
1556,1180,285,0.0135
1556,1190,285,0.01351
1556,1200,285,0.01352
1556,1210,285,0.01353
1556,1219,285,0.01354
1556,1229,285,0.01355
1556,1239,285,0.01356
1556,1249,285,0.01357
1556,1258,285,0.01358
1556,1268,285,0.01359
1556,1278,285,0.0136
1556,1287,285,0.01361
1556,1297,285,0.01362
1555,1307,285,0.01363
1555,1317,285,0.01364
1555,1326,285,0.01365
1555,1336,285,0.01366
1555,1346,285,0.01367
1555,1356,285,0.01368
1555,1365,285,0.01369
1555,1375,285,0.0137
1555,1385,285,0.01371
1555,1394,285,0.01372
1555,1404,285,0.01373
1555,1414,285,0.01374
1555,1424,285,0.01375
1555,1433,285,0.01376
1555,1438,285,0.01377
1555,1448,285,0.01378
1555,1458,285,0.01379
1554,1467,285,0.0138
1554,1477,285,0.01381
1554,1487,285,0.01382
1554,1497,285,0.01383
1554,1506,285,0.01384
1554,1516,285,0.01385
1554,1526,285,0.01386
1554,1536,285,0.01387
1554,1545,285,0.01388
1554,1555,285,0.01389
1554,1565,285,0.0139
1554,1574,285,0.01391
1554,1584,285,0.01392
1554,1594,285,0.01393
1559,1604,285,0.01394
1558,1613,285,0.01395
1558,1623,285,0.01396
1558,1633,285,0.01397
1558,1643,285,0.01398
1558,1652,285,0.01399
1558,1662,285,0.014
1558,1672,285,0.01401
1558,1682,285,0.01402
1558,1691,285,0.01403
1558,1701,285,0.01404
1558,1711,285,0.01405
1558,1720,285,0.01406
1558,1730,285,0.01407
1558,1740,285,0.01408
1558,1750,285,0.01409
1558,1759,285,0.0141
1557,1769,285,0.01411
1557,1784,285,0.01412
1557,1784,285,0.01413
1557,1798,285,0.01414
1557,1808,285,0.01415
1557,1818,285,0.01416
1557,1827,0,0.01417
1557,1837,0,0.01418
1557,1847,0,0.01419
1557,1857,0,0.0142
1557,1866,0,0.01421
1557,1876,0,0.01422
1557,1886,0,0.01423
1557,1896,0,0.01424
1557,1905,0,0.01425
1557,1915,0,0.01426
1556,1925,0,0.01427
1556,1934,0,0.01428
1556,1944,0,0.01429
1556,1954,0,0.0143
1556,1964,0,0.01431
1556,1964,0,0.01432
1556,1964,0,0.01433
1556,1964,0,0.01434
1556,1964,0,0.01435
1556,1964,0,0.01436
1502,1958,0,0.01437
1442,1948,0,0.01438
1442,1948,0,0.01439
1442,1948,0,0.0144
1442,1948,0,0.01441
1442,1948,0,0.01442
1442,1948,0,0.01443
1442,1948,0,0.01444
1442,1948,0,0.01445
1442,1948,0,0.01446
1442,1948,0,0.01447
1442,1948,0,0.01448
1442,1948,0,0.01449
1442,1948,0,0.0145
1442,1948,0,0.01451
1442,1948,0,0.01452
1442,1948,0,0.01453
1442,1938,0,0.01454
1442,1928,0,0.01455
1442,1919,0,0.01456
1443,1909,0,0.01457
1443,1899,0,0.01458
1443,1889,0,0.01459
1443,1880,0,0.0146
1443,1870,0,0.01461
1443,1860,0,0.01462
1443,1851,0,0.01463
1443,1841,0,0.01464
1443,1831,0,0.01465
1443,1821,0,0.01466
1443,1812,285,0.01467
1443,1807,285,0.01468
1443,1797,285,0.01469
1443,1787,285,0.0147
1443,1778,285,0.01471
1443,1768,285,0.01472
1444,1758,285,0.01473
1444,1748,285,0.01474
1444,1739,285,0.01475
1444,1729,285,0.01476
1444,1719,285,0.01477
1444,1709,285,0.01478
1444,1700,285,0.01479
1444,1690,285,0.0148
1444,1680,285,0.01481
1444,1671,285,0.01482
1444,1661,285,0.01483
1444,1651,285,0.01484
1444,1641,285,0.01485
1444,1632,285,0.01486
1444,1617,285,0.01487
1444,1607,285,0.01488
1445,1598,285,0.01489
1445,1588,285,0.0149
1445,1578,285,0.01491
1445,1568,285,0.01492
1445,1559,285,0.01493
1445,1549,285,0.01494
1445,1539,285,0.01495
1445,1529,285,0.01496
1445,1525,285,0.01497
1445,1515,285,0.01498
1445,1505,285,0.01499
1445,1495,285,0.015
1445,1486,285,0.01501
1445,1476,285,0.01502
1445,1466,285,0.01503
1445,1456,285,0.01504
1446,1447,285,0.01505
1446,1437,285,0.01506
1446,1427,285,0.01507
1446,1418,285,0.01508
1446,1408,285,0.01509
1446,1398,285,0.0151
1446,1388,285,0.01511
1446,1379,285,0.01512
1446,1369,285,0.01513
1446,1359,285,0.01514
1446,1349,285,0.01515
1446,1340,285,0.01516
1446,1330,285,0.01517
1446,1320,285,0.01518
1446,1311,285,0.01519
1441,1301,285,0.0152
1442,1291,285,0.01521
1442,1281,285,0.01522
1442,1272,285,0.01523
1442,1262,285,0.01524
1442,1252,285,0.01525
1442,1247,285,0.01526
1442,1238,285,0.01527
1442,1228,285,0.01528
1442,1218,285,0.01529
1442,1208,285,0.0153
1442,1199,285,0.01531
1442,1189,285,0.01532
1442,1179,285,0.01533
1442,1169,285,0.01534
1442,1160,285,0.01535
1442,1150,285,0.01536
1443,1140,285,0.01537
1443,1131,285,0.01538
1443,1121,285,0.01539
1443,1111,285,0.0154
1443,1101,285,0.01541
1443,1092,285,0.01542
1443,1082,285,0.01543
1443,1072,285,0.01544
1443,1062,285,0.01545
1443,1053,285,0.01546
1443,1043,285,0.01547
1443,1033,285,0.01548
1443,1023,285,0.01549
1443,1014,285,0.0155
1443,1004,285,0.01551
1443,994,285,0.01552
1444,985,285,0.01553
1444,975,285,0.01554
1444,965,285,0.01555
1444,960,285,0.01556
1444,950,285,0.01557
1444,941,285,0.01558
1444,931,285,0.01559
1444,916,285,0.0156
1444,907,285,0.01561
1444,897,285,0.01562
1444,887,285,0.01563
1444,878,285,0.01564
1444,868,285,0.01565
1444,858,285,0.01566
1444,848,285,0.01567
1444,839,285,0.01568
1445,829,285,0.01569
1445,819,285,0.0157
1445,809,285,0.01571
1445,800,285,0.01572
1445,790,285,0.01573
1445,780,285,0.01574
1445,771,285,0.01575
1445,761,285,0.01576
1445,751,285,0.01577
1445,741,285,0.01578
1445,732,285,0.01579
1445,722,285,0.0158
1445,712,285,0.01581
1445,702,285,0.01582
1445,693,285,0.01583
1445,683,285,0.01584
1445,678,0,0.01585
1446,668,0,0.01586
1446,659,0,0.01587
1446,649,0,0.01588
1446,639,0,0.01589
1446,629,0,0.0159
1446,620,0,0.01591
1446,610,0,0.01592
1446,600,0,0.01593
1446,591,0,0.01594
1446,581,0,0.01595
1446,571,0,0.01596
1446,561,0,0.01597
1446,552,0,0.01598
1446,542,0,0.01599
1446,542,0,0.016
1446,542,0,0.01601
1446,542,0,0.01602
1446,542,0,0.01603
1446,542,0,0.01604
1392,546,0,0.01605
1337,550,0,0.01606
1337,550,0,0.01607
1337,550,0,0.01608
1337,550,0,0.01609
1337,550,0,0.0161
1337,550,0,0.01611
1337,550,0,0.01612
1337,550,0,0.01613
1337,550,0,0.01614
1337,550,0,0.01615
1337,550,0,0.01616
1337,550,0,0.01617
1337,550,0,0.01618
1337,550,0,0.01619
1337,550,0,0.0162
1337,550,0,0.01621
1337,560,0,0.01622
1337,570,0,0.01623
1337,580,0,0.01624
1337,589,0,0.01625
1337,599,0,0.01626
1337,609,0,0.01627
1337,619,0,0.01628
1337,628,0,0.01629
1337,638,0,0.0163
1337,648,0,0.01631
1337,657,0,0.01632
1336,667,0,0.01633
1336,677,0,0.01634
1336,687,285,0.01635
1336,696,285,0.01636
1336,706,285,0.01637
1336,716,285,0.01638
1336,726,285,0.01639
1336,730,285,0.0164
1336,740,285,0.01641
1336,750,285,0.01642
1336,760,285,0.01643
1336,769,285,0.01644
1336,779,285,0.01645
1336,794,285,0.01646
1336,803,285,0.01647
1336,813,285,0.01648
1335,823,285,0.01649
1335,833,285,0.0165
1335,842,285,0.01651
1335,852,285,0.01652
1335,862,285,0.01653
1335,871,285,0.01654
1335,881,285,0.01655
1335,891,285,0.01656
1335,901,285,0.01657
1335,910,285,0.01658
1335,920,285,0.01659
1335,930,285,0.0166
1335,940,285,0.01661
1335,949,285,0.01662
1335,959,285,0.01663
1335,969,285,0.01664
1334,978,285,0.01665
1334,988,285,0.01666
1334,998,285,0.01667
1339,1008,285,0.01668
1334,1017,285,0.01669
1339,1027,285,0.0167
1339,1037,285,0.01671
1339,1047,285,0.01672
1339,1056,285,0.01673
1339,1066,285,0.01674
1339,1076,285,0.01675
1339,1086,285,0.01676
1339,1090,285,0.01677
1339,1100,285,0.01678
1339,1110,285,0.01679
1339,1120,285,0.0168
1338,1129,285,0.01681
1338,1139,285,0.01682
1338,1149,285,0.01683
1338,1159,285,0.01684
1338,1168,285,0.01685
1338,1178,285,0.01686
1338,1188,285,0.01687
1338,1197,285,0.01688
1338,1207,285,0.01689
1338,1217,285,0.0169
1338,1227,285,0.01691
1338,1236,285,0.01692
1338,1246,285,0.01693
1338,1256,285,0.01694
1338,1266,285,0.01695
1338,1275,285,0.01696
1337,1285,285,0.01697
1337,1295,285,0.01698
1337,1304,285,0.01699
1337,1314,285,0.017
1337,1324,285,0.01701
1337,1334,285,0.01702
1337,1343,285,0.01703
1337,1353,285,0.01704
1337,1363,285,0.01705
1337,1373,285,0.01706
1337,1382,285,0.01707
1337,1392,285,0.01708
1337,1402,285,0.01709
1337,1411,285,0.0171
1337,1421,285,0.01711
1337,1431,285,0.01712
1337,1436,285,0.01713
1336,1446,285,0.01714
1336,1455,285,0.01715
1336,1465,285,0.01716
1336,1480,285,0.01717
1336,1489,285,0.01718
1336,1499,285,0.01719
1336,1509,285,0.0172
1336,1518,285,0.01721
1336,1528,285,0.01722
1336,1538,285,0.01723
1336,1548,285,0.01724
1336,1557,285,0.01725
1336,1567,285,0.01726
1336,1577,285,0.01727
1336,1587,285,0.01728
1335,1596,285,0.01729
1335,1606,285,0.0173
1335,1616,285,0.01731
1335,1625,285,0.01732
1335,1635,285,0.01733
1335,1645,285,0.01734
1335,1655,285,0.01735
1335,1664,285,0.01736
1335,1674,285,0.01737
1335,1684,285,0.01738
1335,1694,285,0.01739
1335,1703,285,0.0174
1335,1713,285,0.01741
1335,1723,285,0.01742
1335,1733,285,0.01743
1335,1742,285,0.01744
1334,1752,285,0.01745
1334,1762,285,0.01746
1334,1771,285,0.01747
1334,1781,285,0.01748
1339,1791,285,0.01749
1334,1796,285,0.0175
1339,1806,285,0.01751
1339,1815,285,0.01752
1339,1825,285,0.01753
1339,1835,0,0.01754
1339,1844,0,0.01755
1339,1854,0,0.01756
1339,1864,0,0.01757
1339,1874,0,0.01758
1339,1883,0,0.01759
1339,1893,0,0.0176
1338,1903,0,0.01761
1338,1913,0,0.01762
1338,1922,0,0.01763
1338,1932,0,0.01764
1338,1942,0,0.01765
1338,1951,0,0.01766
1338,1961,0,0.01767
1338,1971,0,0.01768
1338,1971,0,0.01769
1338,1971,0,0.0177
1338,1971,0,0.01771
1338,1971,0,0.01772
1338,1971,0,0.01773
1284,1965,0,0.01774
1224,1955,0,0.01775
1224,1955,0,0.01776
1224,1955,0,0.01777
1224,1955,0,0.01778
1224,1955,0,0.01779
1224,1955,0,0.0178
1224,1955,0,0.01781
1224,1955,0,0.01782
1224,1955,0,0.01783
1224,1955,0,0.01784
1224,1955,0,0.01785
1224,1955,0,0.01786
1224,1955,0,0.01787
1224,1955,0,0.01788
1224,1955,0,0.01789
1224,1955,0,0.0179
1224,1945,0,0.01791
1224,1936,0,0.01792
1224,1926,0,0.01793
1224,1916,0,0.01794
1224,1906,0,0.01795
1224,1897,0,0.01796
1225,1887,0,0.01797
1225,1877,0,0.01798
1225,1867,0,0.01799
1225,1858,0,0.018
1225,1848,0,0.01801
1225,1838,0,0.01802
1225,1829,0,0.01803
1225,1819,285,0.01804
1225,1814,285,0.01805
1225,1804,285,0.01806
1225,1795,285,0.01807
1225,1785,285,0.01808
1225,1775,285,0.01809
1225,1765,285,0.0181
1225,1756,285,0.01811
1225,1746,285,0.01812
1225,1736,285,0.01813
1226,1726,285,0.01814
1226,1717,285,0.01815
1226,1707,285,0.01816
1226,1697,285,0.01817
1226,1687,285,0.01818
1226,1678,285,0.01819
1226,1668,285,0.0182
1226,1658,285,0.01821
1226,1649,285,0.01822
1226,1639,285,0.01823
1226,1629,285,0.01824
1226,1619,285,0.01825
1226,1610,285,0.01826
1226,1600,285,0.01827
1226,1590,285,0.01828
1227,1580,285,0.01829
1227,1571,285,0.0183
1227,1561,285,0.01831
1227,1551,285,0.01832
1227,1542,285,0.01833
1227,1532,285,0.01834
1227,1527,285,0.01835
1227,1517,285,0.01836
1227,1508,285,0.01837
1222,1498,285,0.01838
1222,1488,285,0.01839
1222,1478,285,0.0184
1222,1469,285,0.01841
1222,1459,285,0.01842
1222,1449,285,0.01843
1222,1439,285,0.01844
1223,1430,285,0.01845
1223,1420,285,0.01846
1223,1410,285,0.01847
1223,1400,285,0.01848
1223,1391,285,0.01849
1223,1381,285,0.0185
1223,1371,285,0.01851
1223,1362,285,0.01852
1223,1352,285,0.01853
1223,1342,285,0.01854
1223,1332,285,0.01855
1223,1323,285,0.01856
1223,1308,285,0.01857
1223,1298,285,0.01858
1223,1289,285,0.01859
1223,1279,285,0.0186
1224,1269,285,0.01861
1224,1259,285,0.01862
1224,1250,285,0.01863
1224,1245,285,0.01864
1224,1235,285,0.01865
1224,1225,285,0.01866
1224,1216,285,0.01867
1224,1206,285,0.01868
1224,1196,285,0.01869
1224,1186,285,0.0187
1224,1177,285,0.01871
1224,1167,285,0.01872
1224,1157,285,0.01873
1224,1148,285,0.01874
1224,1138,285,0.01875
1224,1128,285,0.01876
1225,1118,285,0.01877
1225,1109,285,0.01878
1225,1099,285,0.01879
1225,1089,285,0.0188
1225,1079,285,0.01881
1225,1070,285,0.01882
1225,1060,285,0.01883
1225,1050,285,0.01884
1225,1041,285,0.01885
1225,1031,285,0.01886
1225,1021,285,0.01887
1225,1011,285,0.01888
1225,1002,285,0.01889
1225,992,285,0.0189
1225,982,285,0.01891
1225,972,285,0.01892
1226,963,285,0.01893
1226,958,285,0.01894
1226,948,285,0.01895
1226,938,285,0.01896
1226,929,285,0.01897
1226,919,285,0.01898
1226,909,285,0.01899
1226,899,285,0.019
1226,890,285,0.01901
1226,880,285,0.01902
1226,870,285,0.01903
1226,861,285,0.01904
1226,851,285,0.01905
1226,841,285,0.01906
1226,831,285,0.01907
1226,822,285,0.01908
1226,812,285,0.01909
1227,802,285,0.0191
1227,792,285,0.01911
1227,783,285,0.01912
1227,773,285,0.01913
1227,763,285,0.01914
1227,754,285,0.01915
1227,744,285,0.01916
1227,734,285,0.01917
1227,724,285,0.01918
1222,715,285,0.01919
1222,705,285,0.0192
1222,695,285,0.01921
1222,685,285,0.01922
1222,676,285,0.01923
1222,671,0,0.01924
1222,661,0,0.01925
1223,651,0,0.01926
1223,642,0,0.01927
1223,627,0,0.01928
1223,617,0,0.01929
1223,608,0,0.0193
1223,598,0,0.01931
1223,588,0,0.01932
1223,578,0,0.01933
1223,569,0,0.01934
1223,559,0,0.01935
1223,549,0,0.01936
1223,539,0,0.01937
1223,530,0,0.01938
1223,530,0,0.01939
1223,530,0,0.0194
1223,530,0,0.01941
1223,530,0,0.01942
1223,530,0,0.01943
1169,534,0,0.01944
1119,543,0,0.01945
1119,543,0,0.01946
1119,543,0,0.01947
1119,543,0,0.01948
1119,543,0,0.01949
1119,543,0,0.0195
1119,543,0,0.01951
1119,543,0,0.01952
1119,543,0,0.01953
1119,543,0,0.01954
1119,543,0,0.01955
1119,543,0,0.01956
1119,543,0,0.01957
1119,543,0,0.01958
1119,543,0,0.01959
1119,543,0,0.0196
1119,553,0,0.01961
1119,563,0,0.01962
1119,572,0,0.01963
1119,582,0,0.01964
1119,592,0,0.01965
1119,602,0,0.01966
1119,611,0,0.01967
1119,621,0,0.01968
1119,631,0,0.01969
1118,640,0,0.0197
1118,650,0,0.01971
1118,660,0,0.01972
1118,670,0,0.01973
1118,679,285,0.01974
1118,689,285,0.01975
1118,699,285,0.01976
1118,709,285,0.01977
1118,718,285,0.01978
1118,723,285,0.01979
1118,733,285,0.0198
1118,743,285,0.01981
1118,752,285,0.01982
1118,762,285,0.01983
1118,772,285,0.01984
1118,781,285,0.01985
1118,791,285,0.01986
1117,801,285,0.01987
1117,811,285,0.01988
1117,820,285,0.01989
1117,830,285,0.0199
1117,840,285,0.01991
1117,850,285,0.01992
1117,859,285,0.01993
1117,869,285,0.01994
1117,879,285,0.01995
1117,888,285,0.01996
1117,898,285,0.01997
1117,908,285,0.01998
1117,918,285,0.01999
1117,927,285,0.02
1117,937,285,0.02001
1117,947,285,0.02002
1116,957,285,0.02003
1116,966,285,0.02004
1116,976,285,0.02005
1116,986,285,0.02006
1116,995,285,0.02007
1116,1005,285,0.02008
1116,1015,285,0.02009
1116,1025,285,0.0201
1116,1034,285,0.02011
1116,1044,285,0.02012
1116,1054,285,0.02013
1116,1064,285,0.02014
1116,1073,285,0.02015
1116,1078,285,0.02016
1116,1088,285,0.02017
1116,1098,285,0.02018
1116,1107,285,0.02019
1115,1117,285,0.0202
1115,1127,285,0.02021
1115,1137,285,0.02022
1115,1146,285,0.02023
1115,1156,285,0.02024
1115,1166,285,0.02025
1115,1180,285,0.02026
1115,1190,285,0.02027
1115,1200,285,0.02028
1120,1210,285,0.02029
1120,1219,285,0.0203
1120,1229,285,0.02031
1120,1239,285,0.02032
1120,1248,285,0.02033
1120,1258,285,0.02034
1119,1268,285,0.02035
1119,1278,285,0.02036
1119,1287,285,0.02037
1119,1297,285,0.02038
1119,1307,285,0.02039
1119,1317,285,0.0204
1119,1326,285,0.02041
1119,1336,285,0.02042
1119,1346,285,0.02043
1119,1356,285,0.02044
1119,1365,285,0.02045
1119,1375,285,0.02046
1119,1385,285,0.02047
1119,1394,285,0.02048
1119,1404,285,0.02049
1119,1414,285,0.0205
1118,1424,285,0.02051
1118,1433,285,0.02052
1118,1443,285,0.02053
1118,1448,285,0.02054
1118,1458,285,0.02055
1118,1467,285,0.02056
1118,1477,285,0.02057
1118,1487,285,0.02058
1118,1497,285,0.02059
1118,1506,285,0.0206
1118,1516,285,0.02061
1118,1526,285,0.02062
1118,1535,285,0.02063
1118,1545,285,0.02064
1118,1555,285,0.02065
1118,1565,285,0.02066
1117,1574,285,0.02067
1117,1584,285,0.02068
1117,1594,285,0.02069
1117,1604,285,0.0207
1117,1613,285,0.02071
1117,1623,285,0.02072
1117,1633,285,0.02073
1117,1642,285,0.02074
1117,1652,285,0.02075
1117,1662,285,0.02076
1117,1672,285,0.02077
1117,1681,285,0.02078
1117,1691,285,0.02079
1117,1701,285,0.0208
1117,1711,285,0.02081
1117,1720,285,0.02082
1116,1730,285,0.02083
1116,1740,285,0.02084
1116,1749,285,0.02085
1116,1759,285,0.02086
1116,1769,285,0.02087
1116,1779,285,0.02088
1116,1788,285,0.02089
1116,1798,285,0.0209
1116,1803,285,0.02091
1116,1813,285,0.02092
1116,1822,285,0.02093
1116,1832,285,0.02094
1116,1847,0,0.02095
1116,1857,0,0.02096
1116,1866,0,0.02097
1116,1876,0,0.02098
1115,1886,0,0.02099
1115,1895,0,0.021
1115,1905,0,0.02101
1115,1915,0,0.02102
1115,1925,0,0.02103
1115,1934,0,0.02104
1115,1944,0,0.02105
1115,1954,0,0.02106
1115,1964,0,0.02107
1115,1973,0,0.02108
1115,1983,0,0.02109
1115,1983,0,0.0211
1115,1983,0,0.02111
1115,1983,0,0.02112
1115,1983,0,0.02113
1115,1983,0,0.02114
1065,1978,0,0.02115
1006,1967,0,0.02116
1006,1967,0,0.02117
1006,1967,0,0.02118
1006,1967,0,0.02119
1006,1967,0,0.0212
1006,1967,0,0.02121
1006,1967,0,0.02122
1006,1967,0,0.02123
1006,1967,0,0.02124
1006,1967,0,0.02125
1006,1967,0,0.02126
1006,1967,0,0.02127
1006,1967,0,0.02128
1006,1967,0,0.02129
1006,1967,0,0.0213
1006,1967,0,0.02131
1006,1957,0,0.02132
1006,1948,0,0.02133
1006,1938,0,0.02134
1006,1928,0,0.02135
1006,1918,0,0.02136
1006,1909,0,0.02137
1006,1899,0,0.02138
1006,1889,0,0.02139
1006,1880,0,0.0214
1006,1870,0,0.02141
1007,1860,0,0.02142
1007,1850,0,0.02143
1007,1841,0,0.02144
1007,1831,285,0.02145
1007,1826,285,0.02146
1007,1816,285,0.02147
1007,1807,285,0.02148
1007,1797,285,0.02149
1007,1787,285,0.0215
1007,1777,285,0.02151
1007,1768,285,0.02152
1007,1758,285,0.02153
1007,1748,285,0.02154
1007,1739,285,0.02155
1007,1729,285,0.02156
1007,1719,285,0.02157
1008,1709,285,0.02158
1008,1700,285,0.02159
1003,1690,285,0.0216
1003,1675,285,0.02161
1003,1666,285,0.02162
1003,1656,285,0.02163
1003,1646,285,0.02164
1003,1636,285,0.02165
1003,1627,285,0.02166
1003,1617,285,0.02167
1003,1607,285,0.02168
1003,1597,285,0.02169
1003,1588,285,0.0217
1003,1578,285,0.02171
1003,1568,285,0.02172
1004,1558,285,0.02173
1004,1549,285,0.02174
1004,1539,285,0.02175
1004,1534,285,0.02176
1004,1524,285,0.02177
1004,1515,285,0.02178
1004,1505,285,0.02179
1004,1495,285,0.0218
1004,1486,285,0.02181
1004,1476,285,0.02182
1004,1466,285,0.02183
1004,1456,285,0.02184
1004,1447,285,0.02185
1004,1437,285,0.02186
1004,1427,285,0.02187
1004,1417,285,0.02188
1005,1408,285,0.02189
1005,1398,285,0.0219
1005,1388,285,0.02191
1005,1379,285,0.02192
1005,1369,285,0.02193
1005,1359,285,0.02194
1005,1349,285,0.02195
1005,1340,285,0.02196
1005,1330,285,0.02197
1005,1320,285,0.02198
1005,1310,285,0.02199
1005,1301,285,0.022
1005,1291,285,0.02201
1005,1281,285,0.02202
1005,1272,285,0.02203
1005,1262,285,0.02204
1006,1252,285,0.02205
1006,1247,285,0.02206
1006,1237,285,0.02207
1006,1228,285,0.02208
1006,1218,285,0.02209
1006,1208,285,0.0221
1006,1199,285,0.02211
1006,1189,285,0.02212
1006,1179,285,0.02213
1006,1169,285,0.02214
1006,1160,285,0.02215
1006,1150,285,0.02216
1006,1140,285,0.02217
1006,1130,285,0.02218
1006,1121,285,0.02219
1006,1111,285,0.0222
1006,1101,285,0.02221
1007,1092,285,0.02222
1007,1082,285,0.02223
1007,1072,285,0.02224
1007,1062,285,0.02225
1007,1053,285,0.02226
1007,1043,285,0.02227
1007,1033,285,0.02228
1007,1023,285,0.02229
1007,1009,285,0.0223
1007,999,285,0.02231
1007,989,285,0.02232
1007,980,285,0.02233
1007,970,285,0.02234
1007,960,285,0.02235
1007,955,285,0.02236
1007,946,285,0.02237
1008,936,285,0.02238
1008,926,285,0.02239
1008,916,285,0.0224
1008,907,285,0.02241
1003,897,285,0.02242
1003,887,285,0.02243
1003,877,285,0.02244
1003,868,285,0.02245
1003,858,285,0.02246
1003,848,285,0.02247
1003,839,285,0.02248
1003,829,285,0.02249
1003,819,285,0.0225
1003,809,285,0.02251
1003,800,285,0.02252
1004,790,285,0.02253
1004,780,285,0.02254
1004,770,285,0.02255
1004,761,285,0.02256
1004,751,285,0.02257
1004,741,285,0.02258
1004,732,285,0.02259
1004,722,285,0.0226
1004,712,285,0.02261
1004,702,285,0.02262
1004,693,285,0.02263
1004,683,285,0.02264
1004,673,285,0.02265
1004,668,285,0.02266
1004,659,0,0.02267
1004,649,0,0.02268
1004,639,0,0.02269
1005,629,0,0.0227
1005,620,0,0.02271
1005,610,0,0.02272
1005,600,0,0.02273
1005,591,0,0.02274
1005,581,0,0.02275
1005,571,0,0.02276
1005,561,0,0.02277
1005,552,0,0.02278
1005,542,0,0.02279
1005,532,0,0.0228
1005,522,0,0.02281
1005,522,0,0.02282
1005,522,0,0.02283
1005,522,0,0.02284
1005,522,0,0.02285
1005,522,0,0.02286
951,527,0,0.02287
896,531,0,0.02288
896,531,0,0.02289
896,531,0,0.0229
896,531,0,0.02291
896,531,0,0.02292
896,531,0,0.02293
896,531,0,0.02294
896,531,0,0.02295
896,531,0,0.02296
896,531,0,0.02297
896,531,0,0.02298
896,531,0,0.02299
896,531,0,0.023
896,531,0,0.02301
896,531,0,0.02302
896,531,0,0.02303
896,541,0,0.02304
896,550,0,0.02305
896,560,0,0.02306
896,570,0,0.02307
896,580,0,0.02308
896,589,0,0.02309
896,599,0,0.0231
901,609,0,0.02311
900,619,0,0.02312
900,628,0,0.02313
900,638,0,0.02314
900,648,0,0.02315
900,657,0,0.02316
900,667,285,0.02317
900,677,285,0.02318
900,687,285,0.02319
900,696,285,0.0232
900,706,285,0.02321
900,711,285,0.02322
900,721,285,0.02323
900,730,285,0.02324
900,740,285,0.02325
900,750,285,0.02326
900,760,285,0.02327
899,769,285,0.02328
899,779,285,0.02329
899,789,285,0.0233
899,798,285,0.02331
899,808,285,0.02332
899,818,285,0.02333
899,828,285,0.02334
899,837,285,0.02335
899,847,285,0.02336
899,857,285,0.02337
899,867,285,0.02338
899,881,285,0.02339
899,891,285,0.0234
899,901,285,0.02341
899,910,285,0.02342
899,920,285,0.02343
898,930,285,0.02344
898,940,285,0.02345
898,949,285,0.02346
898,959,285,0.02347
898,969,285,0.02348
898,978,285,0.02349
898,988,285,0.0235
898,998,285,0.02351
898,1008,285,0.02352
898,1017,285,0.02353
898,1027,285,0.02354
898,1037,285,0.02355
898,1047,285,0.02356
898,1056,285,0.02357
898,1066,285,0.02358
898,1076,285,0.02359
897,1081,285,0.0236
897,1090,285,0.02361
897,1100,285,0.02362
897,1110,285,0.02363
897,1120,285,0.02364
897,1129,285,0.02365
897,1139,285,0.02366
897,1149,285,0.02367
897,1158,285,0.02368
897,1168,285,0.02369
897,1178,285,0.0237
897,1188,285,0.02371
897,1197,285,0.02372
897,1207,285,0.02373
897,1217,285,0.02374
897,1227,285,0.02375
896,1236,285,0.02376
896,1246,285,0.02377
896,1256,285,0.02378
896,1265,285,0.02379
896,1275,285,0.0238
896,1285,285,0.02381
896,1295,285,0.02382
896,1304,285,0.02383
896,1314,285,0.02384
896,1324,285,0.02385
896,1334,285,0.02386
896,1343,285,0.02387
896,1353,285,0.02388
896,1363,285,0.02389
896,1372,285,0.0239
896,1382,285,0.02391
895,1392,285,0.02392
900,1402,285,0.02393
900,1411,285,0.02394
900,1421,285,0.02395
900,1431,285,0.02396
900,1441,285,0.02397
900,1445,285,0.02398
900,1455,285,0.02399
900,1465,285,0.024
900,1475,285,0.02401
900,1484,285,0.02402
900,1494,285,0.02403
900,1504,285,0.02404
900,1514,285,0.02405
900,1523,285,0.02406
900,1533,285,0.02407
899,1548,285,0.02408
899,1557,285,0.02409
899,1567,285,0.0241
899,1577,285,0.02411
899,1586,285,0.02412
899,1596,285,0.02413
899,1606,285,0.02414
899,1616,285,0.02415
899,1625,285,0.02416
899,1635,285,0.02417
899,1645,285,0.02418
899,1655,285,0.02419
899,1664,285,0.0242
899,1674,285,0.02421
899,1684,285,0.02422
898,1693,285,0.02423
898,1703,285,0.02424
898,1713,285,0.02425
898,1723,285,0.02426
898,1732,285,0.02427
898,1742,285,0.02428
898,1752,285,0.02429
898,1762,285,0.0243
898,1771,285,0.02431
898,1781,285,0.02432
898,1791,285,0.02433
898,1801,285,0.02434
898,1805,285,0.02435
898,1815,285,0.02436
898,1825,285,0.02437
898,1835,285,0.02438
898,1844,285,0.02439
897,1854,0,0.0244
897,1864,0,0.02441
897,1873,0,0.02442
897,1883,0,0.02443
897,1893,0,0.02444
897,1903,0,0.02445
897,1912,0,0.02446
897,1922,0,0.02447
897,1932,0,0.02448
897,1942,0,0.02449
897,1951,0,0.0245
897,1961,0,0.02451
897,1971,0,0.02452
897,1980,0,0.02453
897,1990,0,0.02454
897,1990,0,0.02455
897,1990,0,0.02456
897,1990,0,0.02457
897,1990,0,0.02458
897,1990,0,0.02459
842,1985,0,0.0246
788,1974,0,0.02461
788,1974,0,0.02462
788,1974,0,0.02463
788,1974,0,0.02464
788,1974,0,0.02465
788,1974,0,0.02466
788,1974,0,0.02467
788,1974,0,0.02468
788,1974,0,0.02469
788,1974,0,0.0247
788,1974,0,0.02471
788,1974,0,0.02472
788,1974,0,0.02473
788,1974,0,0.02474
788,1974,0,0.02475
788,1974,0,0.02476
788,1965,0,0.02477
788,1955,0,0.02478
788,1945,0,0.02479
788,1935,0,0.0248
788,1926,0,0.02481
788,1916,0,0.02482
788,1906,0,0.02483
788,1897,0,0.02484
788,1887,0,0.02485
783,1877,0,0.02486
783,1867,0,0.02487
783,1858,0,0.02488
783,1848,0,0.02489
783,1838,285,0.0249
784,1828,285,0.02491
784,1824,285,0.02492
784,1814,285,0.02493
784,1804,285,0.02494
784,1794,285,0.02495
784,1785,285,0.02496
784,1775,285,0.02497
784,1765,285,0.02498
784,1755,285,0.02499
784,1746,285,0.025
784,1736,285,0.02501
784,1726,285,0.02502
784,1717,285,0.02503
784,1707,285,0.02504
784,1697,285,0.02505
784,1687,285,0.02506
785,1678,285,0.02507
785,1668,285,0.02508
785,1658,285,0.02509
785,1648,285,0.0251
785,1639,285,0.02511
785,1629,285,0.02512
785,1619,285,0.02513
785,1610,285,0.02514
785,1600,285,0.02515
785,1590,285,0.02516
785,1580,285,0.02517
785,1571,285,0.02518
785,1561,285,0.02519
785,1551,285,0.0252
785,1541,285,0.02521
785,1537,285,0.02522
786,1527,285,0.02523
786,1517,285,0.02524
786,1507,285,0.02525
786,1498,285,0.02526
786,1488,285,0.02527
786,1478,285,0.02528
786,1468,285,0.02529
786,1459,285,0.0253
786,1449,285,0.02531
786,1439,285,0.02532
786,1430,285,0.02533
786,1420,285,0.02534
786,1410,285,0.02535
786,1400,285,0.02536
786,1391,285,0.02537
786,1381,285,0.02538
787,1366,285,0.02539
787,1357,285,0.0254
787,1347,285,0.02541
787,1337,285,0.02542
787,1327,285,0.02543
787,1318,285,0.02544
787,1308,285,0.02545
787,1298,285,0.02546
787,1289,285,0.02547
787,1279,285,0.02548
787,1269,285,0.02549
787,1259,285,0.0255
787,1250,285,0.02551
787,1245,285,0.02552
787,1235,285,0.02553
787,1225,285,0.02554
788,1216,285,0.02555
788,1206,285,0.02556
788,1196,285,0.02557
788,1186,285,0.02558
788,1177,285,0.02559
788,1167,285,0.0256
788,1157,285,0.02561
788,1147,285,0.02562
788,1138,285,0.02563
788,1128,285,0.02564
788,1118,285,0.02565
788,1109,285,0.02566
788,1099,285,0.02567
783,1089,285,0.02568
783,1079,285,0.02569
784,1070,285,0.0257
784,1060,285,0.02571
784,1050,285,0.02572
784,1040,285,0.02573
784,1031,285,0.02574
784,1021,285,0.02575
784,1011,285,0.02576
784,1002,285,0.02577
784,992,285,0.02578
784,982,285,0.02579
784,972,285,0.0258
784,963,285,0.02581
784,953,285,0.02582
784,948,285,0.02583
784,938,285,0.02584
784,929,285,0.02585
785,919,285,0.02586
785,909,285,0.02587
785,899,285,0.02588
785,890,285,0.02589
785,880,285,0.0259
785,870,285,0.02591
785,860,285,0.02592
785,851,285,0.02593
785,841,285,0.02594
785,831,285,0.02595
785,822,285,0.02596
785,812,285,0.02597
785,802,285,0.02598
785,792,285,0.02599
785,783,285,0.026
785,773,285,0.02601
786,763,285,0.02602
786,753,285,0.02603
786,744,285,0.02604
786,729,285,0.02605
786,719,285,0.02606
786,710,285,0.02607
786,700,285,0.02608
786,690,285,0.02609
786,680,285,0.0261
786,671,285,0.02611
786,661,285,0.02612
786,656,285,0.02613
786,646,0,0.02614
786,637,0,0.02615
786,627,0,0.02616
786,617,0,0.02617
786,608,0,0.02618
787,598,0,0.02619
787,588,0,0.0262
787,578,0,0.02621
787,569,0,0.02622
787,559,0,0.02623
787,549,0,0.02624
787,539,0,0.02625
787,530,0,0.02626
787,520,0,0.02627
787,510,0,0.02628
787,510,0,0.02629
787,510,0,0.0263
787,510,0,0.02631
787,510,0,0.02632
787,510,0,0.02633
733,515,0,0.02634
678,519,0,0.02635
678,519,0,0.02636
678,519,0,0.02637
678,519,0,0.02638
678,519,0,0.02639
678,519,0,0.0264
678,519,0,0.02641
678,519,0,0.02642
678,519,0,0.02643
678,519,0,0.02644
678,519,0,0.02645
678,519,0,0.02646
678,519,0,0.02647
678,519,0,0.02648
678,519,0,0.02649
678,519,0,0.0265
678,529,0,0.02651
678,538,0,0.02652
678,548,0,0.02653
678,558,0,0.02654
678,567,0,0.02655
678,577,0,0.02656
678,587,0,0.02657
677,597,0,0.02658
677,611,0,0.02659
677,621,0,0.0266
677,631,0,0.02661
677,640,0,0.02662
677,650,0,0.02663
677,660,285,0.02664
677,670,285,0.02665
677,674,285,0.02666
677,684,285,0.02667
677,694,285,0.02668
677,704,285,0.02669
677,713,285,0.0267
677,723,285,0.02671
677,733,285,0.02672
677,743,285,0.02673
676,752,285,0.02674
676,762,285,0.02675
676,772,285,0.02676
676,781,285,0.02677
676,791,285,0.02678
681,801,285,0.02679
681,811,285,0.0268
681,820,285,0.02681
681,830,285,0.02682
681,840,285,0.02683
681,850,285,0.02684
681,859,285,0.02685
681,869,285,0.02686
681,879,285,0.02687
681,888,285,0.02688
681,898,285,0.02689
680,908,285,0.0269
680,918,285,0.02691
680,927,285,0.02692
680,937,285,0.02693
680,947,285,0.02694
680,957,285,0.02695
680,961,285,0.02696
680,971,285,0.02697
680,981,285,0.02698
680,991,285,0.02699
680,1000,285,0.027
680,1010,285,0.02701
680,1020,285,0.02702
680,1030,285,0.02703
680,1039,285,0.02704
680,1049,285,0.02705
679,1059,285,0.02706
679,1068,285,0.02707
679,1078,285,0.02708
679,1088,285,0.02709
679,1098,285,0.0271
679,1107,285,0.02711
679,1117,285,0.02712
679,1127,285,0.02713
679,1137,285,0.02714
679,1146,285,0.02715
679,1156,285,0.02716
679,1166,285,0.02717
679,1175,285,0.02718
679,1185,285,0.02719
679,1195,285,0.0272
679,1205,285,0.02721
678,1214,285,0.02722
678,1224,285,0.02723
678,1234,285,0.02724
678,1248,285,0.02725
678,1258,285,0.02726
678,1263,285,0.02727
678,1273,285,0.02728
678,1282,285,0.02729
678,1292,285,0.0273
678,1302,285,0.02731
678,1312,285,0.02732
678,1321,285,0.02733
678,1331,285,0.02734
678,1341,285,0.02735
678,1351,285,0.02736
678,1360,285,0.02737
677,1370,285,0.02738
677,1380,285,0.02739
677,1389,285,0.0274
677,1399,285,0.02741
677,1409,285,0.02742
677,1419,285,0.02743
677,1428,285,0.02744
677,1438,285,0.02745
677,1448,285,0.02746
677,1457,285,0.02747
677,1467,285,0.02748
677,1477,285,0.02749
677,1487,285,0.0275
677,1496,285,0.02751
677,1506,285,0.02752
677,1516,285,0.02753
676,1526,285,0.02754
676,1535,285,0.02755
676,1545,285,0.02756
676,1555,285,0.02757
676,1560,285,0.02758
676,1569,285,0.02759
676,1579,285,0.0276
676,1589,285,0.02761
681,1599,285,0.02762
681,1608,285,0.02763
681,1618,285,0.02764
681,1628,285,0.02765
681,1638,285,0.02766
681,1647,285,0.02767
681,1657,285,0.02768
680,1667,285,0.02769
680,1676,285,0.0277
680,1686,285,0.02771
680,1696,285,0.02772
680,1706,285,0.02773
680,1715,285,0.02774
680,1725,285,0.02775
680,1735,285,0.02776
680,1745,285,0.02777
680,1754,285,0.02778
680,1764,285,0.02779
680,1774,285,0.0278
680,1783,285,0.02781
680,1793,285,0.02782
680,1803,285,0.02783
680,1813,285,0.02784
679,1822,285,0.02785
679,1832,285,0.02786
679,1842,285,0.02787
679,1847,285,0.02788
679,1856,0,0.02789
679,1866,0,0.0279
679,1876,0,0.02791
679,1890,0,0.02792
679,1900,0,0.02793
679,1910,0,0.02794
679,1920,0,0.02795
679,1929,0,0.02796
679,1939,0,0.02797
679,1949,0,0.02798
679,1958,0,0.02799
679,1968,0,0.028
678,1978,0,0.02801
678,1988,0,0.02802
678,1997,0,0.02803
678,1997,0,0.02804
678,1997,0,0.02805
678,1997,0,0.02806
678,1997,0,0.02807
678,1997,0,0.02808
624,1992,0,0.02809
564,1986,0,0.0281
564,1986,0,0.02811
564,1986,0,0.02812
564,1986,0,0.02813
564,1986,0,0.02814
564,1986,0,0.02815
564,1986,0,0.02816
564,1986,0,0.02817
564,1986,0,0.02818
564,1986,0,0.02819
564,1986,0,0.0282
564,1986,0,0.02821
564,1986,0,0.02822
564,1986,0,0.02823
564,1986,0,0.02824
564,1986,0,0.02825
564,1977,0,0.02826
564,1967,0,0.02827
565,1957,0,0.02828
565,1947,0,0.02829
565,1938,0,0.0283
565,1928,0,0.02831
565,1918,0,0.02832
565,1909,0,0.02833
565,1899,0,0.02834
565,1889,0,0.02835
565,1879,0,0.02836
565,1870,0,0.02837
565,1860,0,0.02838
565,1850,285,0.02839
565,1840,285,0.0284
565,1836,285,0.02841
565,1826,285,0.02842
565,1816,285,0.02843
566,1806,285,0.02844
566,1797,285,0.02845
566,1787,285,0.02846
566,1777,285,0.02847
566,1768,285,0.02848
566,1758,285,0.02849
566,1748,285,0.0285
566,1738,285,0.02851
566,1724,285,0.02852
566,1714,285,0.02853
566,1704,285,0.02854
566,1695,285,0.02855
566,1685,285,0.02856
566,1675,285,0.02857
566,1665,285,0.02858
567,1656,285,0.02859
567,1646,285,0.0286
567,1636,285,0.02861
567,1626,285,0.02862
567,1617,285,0.02863
567,1607,285,0.02864
567,1597,285,0.02865
567,1588,285,0.02866
567,1578,285,0.02867
567,1568,285,0.02868
567,1558,285,0.02869
567,1549,285,0.0287
567,1539,285,0.02871
567,1534,285,0.02872
567,1524,285,0.02873
567,1515,285,0.02874
568,1505,285,0.02875
568,1495,285,0.02876
568,1485,285,0.02877
568,1476,285,0.02878
568,1466,285,0.02879
568,1456,285,0.0288
568,1447,285,0.02881
568,1437,285,0.02882
568,1427,285,0.02883
568,1417,285,0.02884
568,1408,285,0.02885
568,1398,285,0.02886
568,1388,285,0.02887
568,1378,285,0.02888
568,1369,285,0.02889
568,1359,285,0.0289
569,1349,285,0.02891
569,1340,285,0.02892
569,1330,285,0.02893
569,1320,285,0.02894
569,1310,285,0.02895
569,1301,285,0.02896
569,1291,285,0.02897
564,1281,285,0.02898
564,1271,285,0.02899
564,1262,285,0.029
564,1252,285,0.02901
564,1247,285,0.02902
564,1237,285,0.02903
564,1228,285,0.02904
564,1218,285,0.02905
564,1208,285,0.02906
565,1198,285,0.02907
565,1189,285,0.02908
565,1179,285,0.02909
565,1169,285,0.0291
565,1160,285,0.02911
565,1150,285,0.02912
565,1140,285,0.02913
565,1130,285,0.02914
565,1121,285,0.02915
565,1111,285,0.02916
565,1096,285,0.02917
565,1087,285,0.02918
565,1077,285,0.02919
565,1067,285,0.0292
565,1057,285,0.02921
566,1048,285,0.02922
566,1038,285,0.02923
566,1028,285,0.02924
566,1019,285,0.02925
566,1009,285,0.02926
566,999,285,0.02927
566,989,285,0.02928
566,980,285,0.02929
566,970,285,0.0293
566,960,285,0.02931
566,950,285,0.02932
566,946,285,0.02933
566,936,285,0.02934
566,926,285,0.02935
566,916,285,0.02936
566,907,285,0.02937
566,897,285,0.02938
567,887,285,0.02939
567,877,285,0.0294
567,868,285,0.02941
567,858,285,0.02942
567,848,285,0.02943
567,839,285,0.02944
567,829,285,0.02945
567,819,285,0.02946
567,809,285,0.02947
567,800,285,0.02948
567,790,285,0.02949
567,780,285,0.0295
567,770,285,0.02951
567,761,285,0.02952
567,751,285,0.02953
567,741,285,0.02954
568,732,285,0.02955
568,722,285,0.02956
568,712,285,0.02957
568,702,285,0.02958
568,693,285,0.02959
568,683,285,0.0296
568,673,285,0.02961
568,663,285,0.02962
568,654,285,0.02963
568,649,285,0.02964
