set,operator,track,quantity,direction,value,src_cell
Set2,Operator1,1,width_um,D1,153.0,I6
Set2,Operator1,1,area_um2,D1,94295.0,O6
Set2,Operator1,1,width_um,D2,162.0,J6
Set2,Operator1,1,area_um2,D2,101239.0,P6
Set2,Operator1,1,width_um,D3,148.0,K6
Set2,Operator1,1,area_um2,D3,97201.0,Q6
Set2,Operator1,1,width_um,C1,192.0,L6
Set2,Operator1,1,area_um2,C1,92075.0,R6
Set2,Operator1,1,width_um,C2,144.0,M6
Set2,Operator1,1,area_um2,C2,59797.266,S6
Set2,Operator1,1,width_um,C3,162.0,N6
Set2,Operator1,1,area_um2,C3,109581.667,T6
Set2,Operator1,2,width_um,D1,190.0,I7
Set2,Operator1,2,area_um2,D1,130363.0,O7
Set2,Operator1,2,width_um,D2,176.0,J7
Set2,Operator1,2,area_um2,D2,135363.0,P7
Set2,Operator1,2,width_um,D3,190.0,K7
Set2,Operator1,2,area_um2,D3,138012.0,Q7
Set2,Operator1,2,width_um,C1,176.0,L7
Set2,Operator1,2,area_um2,C1,124267.0,R7
Set2,Operator1,2,width_um,C2,181.0,M7
Set2,Operator1,2,area_um2,C2,88350.084,S7
Set2,Operator1,2,width_um,C3,195.0,N7
Set2,Operator1,2,area_um2,C3,165825.981,T7
Set2,Operator1,3,width_um,D1,236.0,I8
Set2,Operator1,3,area_um2,D1,170961.0,O8
Set2,Operator1,3,width_um,D2,231.0,J8
Set2,Operator1,3,area_um2,D2,163846.0,P8
Set2,Operator1,3,width_um,D3,217.0,K8
Set2,Operator1,3,area_um2,D3,148547.0,Q8
Set2,Operator1,3,width_um,C1,218.0,L8
Set2,Operator1,3,area_um2,C1,176270.0,R8
Set2,Operator1,3,width_um,C2,237.0,M8
Set2,Operator1,3,area_um2,C2,182664.822,S8
Set2,Operator1,3,width_um,C3,223.0,N8
Set2,Operator1,3,area_um2,C3,192505.424,T8
Set2,Operator1,4,width_um,D1,250.0,I9
Set2,Operator1,4,area_um2,D1,190064.0,O9
Set2,Operator1,4,width_um,D2,227.0,J9
Set2,Operator1,4,area_um2,D2,182072.0,P9
Set2,Operator1,4,width_um,D3,273.0,K9
Set2,Operator1,4,area_um2,D3,198611.0,Q9
Set2,Operator1,4,width_um,C1,278.0,L9
Set2,Operator1,4,area_um2,C1,212014.0,R9
Set2,Operator1,4,width_um,C2,269.0,M9
Set2,Operator1,4,area_um2,C2,209473.463,S9
Set2,Operator1,4,width_um,C3,274.0,N9
Set2,Operator1,4,area_um2,C3,226656.833,T9
Set2,Operator1,5,width_um,D1,287.0,I10
Set2,Operator1,5,area_um2,D1,215106.0,O10
Set2,Operator1,5,width_um,D2,319.0,J10
Set2,Operator1,5,area_um2,D2,194615.0,P10
Set2,Operator1,5,width_um,D3,319.0,K10
Set2,Operator1,5,area_um2,D3,219358.0,Q10
Set2,Operator1,5,width_um,C1,297.0,L10
Set2,Operator1,5,area_um2,C1,236390.0,R10
Set2,Operator1,5,width_um,C2,292.0,M10
Set2,Operator1,5,area_um2,C2,225687.846,S10
Set2,Operator1,5,width_um,C3,306.0,N10
Set2,Operator1,5,area_um2,C3,239081.4,T10
Set2,Operator1,6,width_um,D1,300.0,I11
Set2,Operator1,6,area_um2,D1,231196.0,O11
Set2,Operator1,6,width_um,D2,305.0,J11
Set2,Operator1,6,area_um2,D2,208696.0,P11
Set2,Operator1,6,width_um,D3,347.0,K11
Set2,Operator1,6,area_um2,D3,246217.0,Q11
Set2,Operator1,6,width_um,C1,329.0,L11
Set2,Operator1,6,area_um2,C1,255770.0,R11
Set2,Operator1,6,width_um,C2,320.0,M11
Set2,Operator1,6,area_um2,C2,241019.374,S11
Set2,Operator1,6,width_um,C3,343.0,N11
Set2,Operator1,6,area_um2,C3,262444.754,T11
Set2,Operator1,7,width_um,D1,268.0,I12
Set2,Operator1,7,area_um2,D1,244615.0,O12
Set2,Operator1,7,width_um,D2,305.0,J12
Set2,Operator1,7,area_um2,D2,205769.0,P12
Set2,Operator1,7,width_um,D3,384.0,K12
Set2,Operator1,7,area_um2,D3,251623.0,Q12
Set2,Operator1,7,width_um,C1,357.0,L12
Set2,Operator1,7,area_um2,C1,279671.0,R12
Set2,Operator1,7,width_um,C2,343.0,M12
Set2,Operator1,7,area_um2,C2,255791.043,S12
Set2,Operator1,7,width_um,C3,353.0,N12
Set2,Operator1,7,area_um2,C3,273835.735,T12
Set2,Operator1,8,width_um,D1,305.0,I13
Set2,Operator1,8,area_um2,D1,273375.0,O13
Set2,Operator1,8,width_um,D2,310.0,J13
Set2,Operator1,8,area_um2,D2,205555.0,P13
Set2,Operator1,8,width_um,D3,393.0,K13
Set2,Operator1,8,area_um2,D3,275106.0,Q13
Set2,Operator1,8,width_um,C1,385.0,L13
Set2,Operator1,8,area_um2,C1,293711.0,R13
Set2,Operator1,8,width_um,C2,376.0,M13
Set2,Operator1,8,area_um2,C2,269873.655,S13
Set2,Operator1,8,width_um,C3,390.0,N13
Set2,Operator1,8,area_um2,C3,288887.334,T13
Set2,Operator1,9,width_um,D1,314.0,I14
Set2,Operator1,9,area_um2,D1,267948.0,O14
Set2,Operator1,9,width_um,D2,342.0,J14
Set2,Operator1,9,area_um2,D2,237350.0,P14
Set2,Operator1,9,width_um,D3,416.0,K14
Set2,Operator1,9,area_um2,D3,276196.0,Q14
Set2,Operator1,9,width_um,C1,408.0,L14
Set2,Operator1,9,area_um2,C1,302022.0,R14
Set2,Operator1,9,width_um,C2,371.0,M14
Set2,Operator1,9,area_um2,C2,262530.886,S14
Set2,Operator1,9,width_um,C3,404.0,N14
Set2,Operator1,9,area_um2,C3,292117.29,T14
Set2,Operator1,10,width_um,D1,337.0,I15
Set2,Operator1,10,area_um2,D1,278867.0,O15
Set2,Operator1,10,width_um,D2,342.0,J15
Set2,Operator1,10,area_um2,D2,230192.0,P15
Set2,Operator1,10,width_um,D3,425.0,K15
Set2,Operator1,10,area_um2,D3,277756.0,Q15
Set2,Operator1,10,width_um,C1,408.0,L15
Set2,Operator1,10,area_um2,C1,290632.0,R15
Set2,Operator1,10,width_um,C2,404.0,M15
Set2,Operator1,10,area_um2,C2,287078.558,S15
Set2,Operator1,10,width_um,C3,414.0,N15
Set2,Operator1,10,area_um2,C3,281996.759,T15
Set2,Operator1,11,width_um,D1,398.0,I16
Set2,Operator1,11,area_um2,D1,257093.0,O16
Set2,Operator1,11,width_um,D2,398.0,J16
Set2,Operator1,11,area_um2,D2,263205.0,P16
Set2,Operator1,11,width_um,D3,421.0,K16
Set2,Operator1,11,area_um2,D3,277585.0,Q16
Set2,Operator1,11,width_um,C1,408.0,L16
Set2,Operator1,11,area_um2,C1,287832.0,R16
Set2,Operator1,11,width_um,C2,413.0,M16
Set2,Operator1,11,area_um2,C2,280360.248,S16
Set2,Operator1,11,width_um,C3,450.0,N16
Set2,Operator1,11,area_um2,C3,304154.263,T16
Set2,Operator1,12,width_um,D1,361.0,I17
Set2,Operator1,12,area_um2,D1,273739.0,O17
Set2,Operator1,12,width_um,D2,365.0,J17
Set2,Operator1,12,area_um2,D2,265961.0,P17
Set2,Operator1,12,width_um,D3,416.0,K17
Set2,Operator1,12,area_um2,D3,296944.0,Q17
Set2,Operator1,12,width_um,C1,432.0,L17
Set2,Operator1,12,area_um2,C1,282837.0,R17
Set2,Operator1,12,width_um,C2,399.0,M17
Set2,Operator1,12,area_um2,C2,280231.05,S17
Set2,Operator1,12,width_um,C3,408.0,N17
Set2,Operator1,12,area_um2,C3,280317.182,T17
Set2,Operator1,13,width_um,D1,337.0,I18
Set2,Operator1,13,area_um2,D1,268397.0,O18
Set2,Operator1,13,width_um,D2,337.0,J18
Set2,Operator1,13,area_um2,D2,239786.0,P18
Set2,Operator1,13,width_um,D3,388.0,K18
Set2,Operator1,13,area_um2,D3,265363.0,Q18
Set2,Operator1,13,width_um,C1,422.0,L18
Set2,Operator1,13,area_um2,C1,283439.0,R18
Set2,Operator1,13,width_um,C2,390.0,M18
Set2,Operator1,13,area_um2,C2,261368.102,S18
Set2,Operator1,13,width_um,C3,422.0,N18
Set2,Operator1,13,area_um2,C3,295584.111,T18
Set2,Operator1,14,width_um,D1,347.0,I19
Set2,Operator1,14,area_um2,D1,293183.0,O19
Set2,Operator1,14,width_um,D2,365.0,J19
Set2,Operator1,14,area_um2,D2,264166.0,P19
Set2,Operator1,14,width_um,D3,421.0,K19
Set2,Operator1,14,area_um2,D3,279230.0,Q19
Set2,Operator1,14,width_um,C1,422.0,L19
Set2,Operator1,14,area_um2,C1,276657.0,R19
Set2,Operator1,14,width_um,C2,302.0,M19
Set2,Operator1,14,area_um2,C2,221510.435,S19
Set2,Operator1,14,width_um,C3,422.0,N19
Set2,Operator1,14,area_um2,C3,285011.386,T19
Set2,Operator1,15,width_um,D1,351.0,I20
Set2,Operator1,15,area_um2,D1,287478.0,O20
Set2,Operator1,15,width_um,D2,360.0,J20
Set2,Operator1,15,area_um2,D2,254700.0,P20
Set2,Operator1,15,width_um,D3,402.0,K20
Set2,Operator1,15,area_um2,D3,275811.0,Q20
Set2,Operator1,15,width_um,C1,413.0,L20
Set2,Operator1,15,area_um2,C1,277195.0,R20
Set2,Operator1,15,width_um,C2,311.0,M20
Set2,Operator1,15,area_um2,C2,207836.952,S20
Set2,Operator1,15,width_um,C3,422.0,N20
Set2,Operator1,15,area_um2,C3,281436.9,T20
Set2,Operator1,16,width_um,D1,384.0,I21
Set2,Operator1,16,area_um2,D1,297478.0,O21
Set2,Operator1,16,width_um,D2,379.0,J21
Set2,Operator1,16,area_um2,D2,284978.0,P21
Set2,Operator1,16,width_um,D3,361.0,K21
Set2,Operator1,16,area_um2,D3,271281.0,Q21
Set2,Operator1,16,width_um,C1,441.0,L21
Set2,Operator1,16,area_um2,C1,272285.0,R21
Set2,Operator1,16,width_um,C2,209.0,M21
Set2,Operator1,16,area_um2,C2,116773.704,S21
Set2,Operator1,16,width_um,C3,441.0,N21
Set2,Operator1,16,area_um2,C3,279132.864,T21
Set2,Operator1,17,width_um,D1,365.0,I22
Set2,Operator1,17,area_um2,D1,298824.0,O22
Set2,Operator1,17,width_um,D2,361.0,J22
Set2,Operator1,17,area_um2,D2,277670.0,P22
Set2,Operator1,17,width_um,D3,370.0,K22
Set2,Operator1,17,area_um2,D3,267350.0,Q22
Set2,Operator1,17,width_um,C1,422.0,L22
Set2,Operator1,17,area_um2,C1,270477.0,R22
Set2,Operator1,17,width_um,C2,190.0,M22
Set2,Operator1,17,area_um2,C2,115481.721,S22
Set2,Operator1,17,width_um,C3,427.0,N22
Set2,Operator1,17,area_um2,C3,277259.489,T22
Set2,Operator1,18,width_um,D1,384.0,I23
Set2,Operator1,18,area_um2,D1,293054.0,O23
Set2,Operator1,18,width_um,D2,379.0,J23
Set2,Operator1,18,area_um2,D2,277884.0,P23
Set2,Operator1,18,width_um,D3,402.0,K23
Set2,Operator1,18,area_um2,D3,287222.0,Q23
Set2,Operator1,18,width_um,C1,459.0,L23
Set2,Operator1,18,area_um2,C1,304047.0,R23
Set2,Operator1,18,width_um,C2,306.0,M23
Set2,Operator1,18,area_um2,C2,228637.873,S23
Set2,Operator1,18,width_um,C3,408.0,N23
Set2,Operator1,18,area_um2,C3,276591.965,T23
Set2,Operator2,1,width_um,D1,139.319,I27
Set2,Operator2,1,area_um2,D1,83936.394,O27
Set2,Operator2,1,width_um,D2,129.93,J27
Set2,Operator2,1,area_um2,D2,82083.968,P27
Set2,Operator2,1,width_um,D3,130.031,K27
Set2,Operator2,1,area_um2,D3,86049.9,Q27
Set2,Operator2,1,width_um,C1,143.963,L27
Set2,Operator2,1,area_um2,C1,86502.794,R27
Set2,Operator2,1,width_um,C2,143.963,M27
Set2,Operator2,1,area_um2,C2,126896.644,S27
Set2,Operator2,1,width_um,C3,134.675,N27
Set2,Operator2,1,area_um2,C3,99895.523,T27
Set2,Operator2,2,width_um,D1,181.115,I28
Set2,Operator2,2,area_um2,D1,106106.643,O28
Set2,Operator2,2,width_um,D2,190.255,J28
Set2,Operator2,2,area_um2,D2,124547.133,P28
Set2,Operator2,2,width_um,D3,181.115,K28
Set2,Operator2,2,area_um2,D3,119564.071,Q28
Set2,Operator2,2,width_um,C1,195.046,L28
Set2,Operator2,2,area_um2,C1,137722.973,R28
Set2,Operator2,2,width_um,C2,162.539,M28
Set2,Operator2,2,area_um2,C2,127198.574,S28
Set2,Operator2,2,width_um,C3,176.471,N28
Set2,Operator2,2,area_um2,C3,102548.189,T28
Set2,Operator2,3,width_um,D1,222.91,I29
Set2,Operator2,3,area_um2,D1,164659.395,O29
Set2,Operator2,3,width_um,D2,227.378,J29
Set2,Operator2,3,area_um2,D2,132923.488,P29
Set2,Operator2,3,width_um,D3,204.334,K29
Set2,Operator2,3,area_um2,D3,144559.518,Q29
Set2,Operator2,3,width_um,C1,236.842,L29
Set2,Operator2,3,area_um2,C1,167096.397,R29
Set2,Operator2,3,width_um,C2,222.91,M29
Set2,Operator2,3,area_um2,C2,165327.953,S29
Set2,Operator2,3,width_um,C3,208.978,N29
Set2,Operator2,3,area_um2,C3,150770.639,T29
Set2,Operator2,4,width_um,D1,246.13,I30
Set2,Operator2,4,area_um2,D1,172035.1,O30
Set2,Operator2,4,width_um,D2,259.861,J30
Set2,Operator2,4,area_um2,D2,157148.164,P30
Set2,Operator2,4,width_um,D3,269.35,K30
Set2,Operator2,4,area_um2,D3,195865.962,Q30
Set2,Operator2,4,width_um,C1,246.13,L30
Set2,Operator2,4,area_um2,C1,189525.444,R30
Set2,Operator2,4,width_um,C2,264.706,M30
Set2,Operator2,4,area_um2,C2,191035.091,S30
Set2,Operator2,4,width_um,C3,255.418,N30
Set2,Operator2,4,area_um2,C3,186959.043,T30
Set2,Operator2,5,width_um,D1,260.062,I31
Set2,Operator2,5,area_um2,D1,209776.285,O31
Set2,Operator2,5,width_um,D2,292.343,J31
Set2,Operator2,5,area_um2,D2,188414.145,P31
Set2,Operator2,5,width_um,D3,301.858,K31
Set2,Operator2,5,area_um2,D3,206562.892,Q31
Set2,Operator2,5,width_um,C1,301.858,L31
Set2,Operator2,5,area_um2,C1,219028.266,R31
Set2,Operator2,5,width_um,C2,278.638,M31
Set2,Operator2,5,area_um2,C2,199014.656,S31
Set2,Operator2,5,width_um,C3,287.926,N31
Set2,Operator2,5,area_um2,C3,210552.675,T31
Set2,Operator2,6,width_um,D1,297.214,I32
Set2,Operator2,6,area_um2,D1,209129.293,O32
Set2,Operator2,6,width_um,D2,306.265,J32
Set2,Operator2,6,area_um2,D2,189060.136,P32
Set2,Operator2,6,width_um,D3,325.077,K32
Set2,Operator2,6,area_um2,D3,217820.548,Q32
Set2,Operator2,6,width_um,C1,315.789,L32
Set2,Operator2,6,area_um2,C1,227525.424,R32
Set2,Operator2,6,width_um,C2,306.502,M32
Set2,Operator2,6,area_um2,C2,214736.555,S32
Set2,Operator2,6,width_um,C3,306.502,N32
Set2,Operator2,6,area_um2,C3,218942.001,T32
Set2,Operator2,7,width_um,D1,339.009,I33
Set2,Operator2,7,area_um2,D1,250644.595,O33
Set2,Operator2,7,width_um,D2,273.782,J33
Set2,Operator2,7,area_um2,D2,196316.773,P33
Set2,Operator2,7,width_um,D3,380.805,K33
Set2,Operator2,7,area_um2,D3,239559.471,Q33
Set2,Operator2,7,width_um,C1,348.297,L33
Set2,Operator2,7,area_um2,C1,252650.27,R33
Set2,Operator2,7,width_um,C2,343.653,M33
Set2,Operator2,7,area_um2,C2,241996.473,S33
Set2,Operator2,7,width_um,C3,362.229,N33
Set2,Operator2,7,area_um2,C3,270356.277,T33
Set2,Operator2,8,width_um,D1,362.229,I34
Set2,Operator2,8,area_um2,D1,268113.372,O34
Set2,Operator2,8,width_um,D2,306.265,J34
Set2,Operator2,8,area_um2,D2,208353.745,P34
Set2,Operator2,8,width_um,D3,376.161,K34
Set2,Operator2,8,area_um2,D3,240810.321,Q34
Set2,Operator2,8,width_um,C1,376.161,L34
Set2,Operator2,8,area_um2,C1,259486.816,R34
Set2,Operator2,8,width_um,C2,357.585,M34
Set2,Operator2,8,area_um2,C2,253599.191,S34
Set2,Operator2,8,width_um,C3,376.161,N34
Set2,Operator2,8,area_um2,C3,263800.094,T34
Set2,Operator2,9,width_um,D1,394.737,I35
Set2,Operator2,9,area_um2,D1,263239.368,O35
Set2,Operator2,9,width_um,D2,338.747,J35
Set2,Operator2,9,area_um2,D2,229800.658,P35
Set2,Operator2,9,width_um,D3,394.737,K35
Set2,Operator2,9,area_um2,D3,291275.676,Q35
Set2,Operator2,9,width_um,C1,408.669,L35
Set2,Operator2,9,area_um2,C1,275812.574,R35
Set2,Operator2,9,width_um,C2,371.517,M35
Set2,Operator2,9,area_um2,C2,257632.106,S35
Set2,Operator2,9,width_um,C3,404.025,N35
Set2,Operator2,9,area_um2,C3,286574.203,T35
Set2,Operator2,10,width_um,D1,404.025,I36
Set2,Operator2,10,area_um2,D1,274044.13,O36
Set2,Operator2,10,width_um,D2,352.668,J36
Set2,Operator2,10,area_um2,D2,231630.967,P36
Set2,Operator2,10,width_um,D3,408.669,K36
Set2,Operator2,10,area_um2,D3,267056.619,Q36
Set2,Operator2,10,width_um,C1,399.381,L36
Set2,Operator2,10,area_um2,C1,266689.99,R36
Set2,Operator2,10,width_um,C2,422.601,M36
Set2,Operator2,10,area_um2,C2,278314.275,S36
Set2,Operator2,10,width_um,C3,371.517,N36
Set2,Operator2,10,area_um2,C3,255130.405,T36
Set2,Operator2,11,width_um,D1,380.805,I37
Set2,Operator2,11,area_um2,D1,277171.256,O37
Set2,Operator2,11,width_um,D2,412.993,J37
Set2,Operator2,11,area_um2,D2,279671.19,P37
Set2,Operator2,11,width_um,D3,422.601,K37
Set2,Operator2,11,area_um2,D3,299751.268,Q37
Set2,Operator2,11,width_um,C1,417.957,L37
Set2,Operator2,11,area_um2,C1,279263.196,R37
Set2,Operator2,11,width_um,C2,431.889,M37
Set2,Operator2,11,area_um2,C2,283641.174,S37
Set2,Operator2,11,width_um,C3,417.957,N37
Set2,Operator2,11,area_um2,C3,288342.647,T37
Set2,Operator2,12,width_um,D1,399.381,I38
Set2,Operator2,12,area_um2,D1,279651.391,O38
Set2,Operator2,12,width_um,D2,352.668,J38
Set2,Operator2,12,area_um2,D2,251290.637,P38
Set2,Operator2,12,width_um,D3,413.313,K38
Set2,Operator2,12,area_um2,D3,286876.132,Q38
Set2,Operator2,12,width_um,C1,408.669,L38
Set2,Operator2,12,area_um2,C1,269644.586,R38
Set2,Operator2,12,width_um,C2,399.381,M38
Set2,Operator2,12,area_um2,C2,254483.413,S38
Set2,Operator2,12,width_um,C3,441.176,N38
Set2,Operator2,12,area_um2,C3,288062.284,T38
Set2,Operator2,13,width_um,D1,394.737,I39
Set2,Operator2,13,area_um2,D1,282088.393,O39
Set2,Operator2,13,width_um,D2,371.23,J39
Set2,Operator2,13,area_um2,D2,257018.427,P39
Set2,Operator2,13,width_um,D3,390.093,K39
Set2,Operator2,13,area_um2,D3,283727.439,Q39
Set2,Operator2,13,width_um,C1,431.889,L39
Set2,Operator2,13,area_um2,C1,272814.845,R39
Set2,Operator2,13,width_um,C2,390.093,M39
Set2,Operator2,13,area_um2,C2,248833.019,S39
Set2,Operator2,13,width_um,C3,436.533,N39
Set2,Operator2,13,area_um2,C3,292936.288,T39
Set2,Operator2,14,width_um,D1,413.313,I40
Set2,Operator2,14,area_um2,D1,303223.457,O40
Set2,Operator2,14,width_um,D2,375.87,J40
Set2,Operator2,14,area_um2,D2,267677.284,P40
Set2,Operator2,14,width_um,D3,427.245,K40
Set2,Operator2,14,area_um2,D3,307083.841,Q40
Set2,Operator2,14,width_um,C1,436.533,L40
Set2,Operator2,14,area_um2,C1,279069.099,R40
Set2,Operator2,14,width_um,C2,320.433,M40
Set2,Operator2,14,area_um2,C2,210207.612,S40
Set2,Operator2,14,width_um,C3,459.752,N40
Set2,Operator2,14,area_um2,C3,286725.167,T40
Set2,Operator2,15,width_um,D1,413.313,I41
Set2,Operator2,15,area_um2,D1,306501.548,O41
Set2,Operator2,15,width_um,D2,389.791,J41
Set2,Operator2,15,area_um2,D2,281027.772,P41
Set2,Operator2,15,width_um,D3,413.313,K41
Set2,Operator2,15,area_um2,D3,286725.167,Q41
Set2,Operator2,15,width_um,C1,427.245,L41
Set2,Operator2,15,area_um2,C1,276243.902,R41
Set2,Operator2,15,width_um,C2,311.146,M41
Set2,Operator2,15,area_um2,C2,204470.952,S41
Set2,Operator2,15,width_um,C3,436.533,N41
Set2,Operator2,15,area_um2,C3,270571.941,T41
Set2,Operator2,16,width_um,D1,408.669,I42
Set2,Operator2,16,area_um2,D1,315235.936,O42
Set2,Operator2,16,width_um,D2,403.712,J42
Set2,Operator2,16,area_um2,D2,285958.84,P42
Set2,Operator2,16,width_um,D3,413.313,K42
Set2,Operator2,16,area_um2,D3,265762.636,Q42
Set2,Operator2,16,width_um,C1,422.601,L42
Set2,Operator2,16,area_um2,C1,260737.666,R42
Set2,Operator2,16,width_um,C2,162.539,M42
Set2,Operator2,16,area_um2,C2,125818.325,S42
Set2,Operator2,16,width_um,C3,427.245,N42
Set2,Operator2,16,area_um2,C3,263821.66,T42
Set2,Operator2,17,width_um,D1,413.313,I43
Set2,Operator2,17,area_um2,D1,314567.378,O43
Set2,Operator2,17,width_um,D2,412.993,J43
Set2,Operator2,17,area_um2,D2,298878.667,P43
Set2,Operator2,17,width_um,D3,394.737,K43
Set2,Operator2,17,area_um2,D3,286574.203,Q43
Set2,Operator2,17,width_um,C1,441.176,L43
Set2,Operator2,17,area_um2,C1,274885.219,R43
Set2,Operator2,17,width_um,C2,185.759,M43
Set2,Operator2,17,area_um2,C2,117299.6,S43
Set2,Operator2,17,width_um,C3,431.889,N43
Set2,Operator2,17,area_um2,C3,272491.349,T43
Set2,Operator2,18,width_um,D1,404.025,I44
Set2,Operator2,18,area_um2,D1,306285.884,O44
Set2,Operator2,18,width_um,D2,399.072,J44
Set2,Operator2,18,area_um2,D2,280317.182,P44
Set2,Operator2,18,width_um,D3,417.957,K44
Set2,Operator2,18,area_um2,D3,295739.919,Q44
Set2,Operator2,18,width_um,C1,408.669,L44
Set2,Operator2,18,area_um2,C1,253663.89,R44
Set2,Operator2,18,width_um,C2,320.433,M44
Set2,Operator2,18,area_um2,C2,218747.903,S44
Set2,Operator2,18,width_um,C3,450.464,N44
Set2,Operator2,18,area_um2,C3,282584.42,T44
Set1,Operator1,1,width_um,D1,nan,D6
Set1,Operator1,1,width_um,C1,nan,E6
Set1,Operator1,1,area_um2,D1,nan,F6
Set1,Operator1,1,area_um2,C1,nan,G6
Set1,Operator1,2,width_um,D1,212.0,D7
Set1,Operator1,2,width_um,C1,nan,E7
Set1,Operator1,2,area_um2,D1,169142.0,F7
Set1,Operator1,2,area_um2,C1,nan,G7
Set1,Operator1,3,width_um,D1,273.0,D8
Set1,Operator1,3,width_um,C1,nan,E8
Set1,Operator1,3,area_um2,D1,196339.0,F8
Set1,Operator1,3,area_um2,C1,nan,G8
Set1,Operator1,4,width_um,D1,299.0,D9
Set1,Operator1,4,width_um,C1,nan,E9
Set1,Operator1,4,area_um2,D1,235610.0,F9
Set1,Operator1,4,area_um2,C1,nan,G9
Set1,Operator1,5,width_um,D1,301.0,D10
Set1,Operator1,5,width_um,C1,nan,E10
Set1,Operator1,5,area_um2,D1,217884.0,F10
Set1,Operator1,5,area_um2,C1,nan,G10
Set1,Operator1,6,width_um,D1,331.0,D11
Set1,Operator1,6,width_um,C1,nan,E11
Set1,Operator1,6,area_um2,D1,254617.0,F11
Set1,Operator1,6,area_um2,C1,nan,G11
Set1,Operator1,7,width_um,D1,319.0,D12
Set1,Operator1,7,width_um,C1,nan,E12
Set1,Operator1,7,area_um2,D1,266933.0,F12
Set1,Operator1,7,area_um2,C1,nan,G12
Set1,Operator1,8,width_um,D1,257.0,D13
Set1,Operator1,8,width_um,C1,nan,E13
Set1,Operator1,8,area_um2,D1,196011.0,F13
Set1,Operator1,8,area_um2,C1,nan,G13
Set1,Operator1,18,width_um,D1,325.0,D14
Set1,Operator1,18,width_um,C1,316.0,E14
Set1,Operator1,18,area_um2,D1,282207.0,F14
Set1,Operator1,18,area_um2,C1,283653.0,G14
